Date,Symbol,Series,Prev Close,Open,High,Low,Last,Close,VWAP,Volume,Turnover,Trades,Deliverable Volume,%Deliverble
02-07-2018,ADANIGREEN,EQ,26.8,27.2,27.25,22.8,25.4,25.2,24.94,1369795,3.41572E+12,5274,1032401,0.7537
03-07-2018,ADANIGREEN,EQ,25.2,26.95,26.95,24.5,26.6,26.35,25.82,519628,1.34166E+12,3205,419282,0.8069
04-07-2018,ADANIGREEN,EQ,26.35,26,29.95,25.8,29.8,29.6,28.1,1033451,2.90379E+12,6363,592525,0.5733
05-07-2018,ADANIGREEN,EQ,29.6,29.8,31.95,28.6,29.75,29.8,30.54,1546192,4.72208E+12,6516,942016,0.6092
06-07-2018,ADANIGREEN,EQ,29.8,29,30.9,28.85,30.45,30.35,30.32,523472,1.58721E+12,3042,308139,0.5886
09-07-2018,ADANIGREEN,EQ,30.35,30.45,31.4,29.55,30.65,30.95,30.9,616718,1.90579E+12,5106,432788,0.7018
10-07-2018,ADANIGREEN,EQ,30.95,30.55,31.85,30.25,31,31.1,31.14,492511,1.53387E+12,5831,305333,0.62
11-07-2018,ADANIGREEN,EQ,31.1,31.05,33.4,30.6,31.85,31.95,32.32,1610144,5.20336E+12,12255,722659,0.4488
12-07-2018,ADANIGREEN,EQ,31.95,31.8,32.9,30.95,31.15,31.1,31.99,524503,1.67804E+12,4423,277788,0.5296
13-07-2018,ADANIGREEN,EQ,31.1,32.5,32.7,31.2,31.3,31.45,31.65,770830,2.43991E+12,8032,305997,0.397
16-07-2018,ADANIGREEN,EQ,31.45,32.4,32.4,30.85,31.25,31.1,31.59,696778,2.2009E+12,7373,418889,0.6012
17-07-2018,ADANIGREEN,EQ,31.1,31.65,31.85,30.95,31.5,31.45,31.48,557931,1.75655E+12,2789,345486,0.6192
18-07-2018,ADANIGREEN,EQ,31.45,31.5,31.75,29.55,29.7,29.75,30.47,497514,1.516E+12,3713,335363,0.6741
19-07-2018,ADANIGREEN,EQ,29.75,29.8,30.4,28.1,30.15,29.7,29.28,469529,1.37458E+12,2870,254971,0.543
20-07-2018,ADANIGREEN,EQ,29.7,29.95,35.6,29.5,35.6,35.4,34.79,5891772,2.04986E+13,19693,1215336,0.2063
23-07-2018,ADANIGREEN,EQ,35.4,37.9,42.45,37.1,42.45,42.45,40.94,2766587,1.13253E+13,10782,1028789,0.3719
24-07-2018,ADANIGREEN,EQ,42.45,45.85,46.65,45,46.65,46.65,46.54,1510186,7.02769E+12,2760,547133,0.3623
25-07-2018,ADANIGREEN,EQ,46.65,50.7,51.3,47.1,51.3,51.3,50.47,868232,4.38198E+12,2414,623308,0.7179
26-07-2018,ADANIGREEN,EQ,51.3,55.8,56.4,48,53.2,52.9,53.61,6847468,3.67061E+13,33525,2162773,0.3159
27-07-2018,ADANIGREEN,EQ,52.9,54.5,54.8,51.15,52.25,52.35,53.26,1425686,7.59255E+12,9610,517449,0.3629
30-07-2018,ADANIGREEN,EQ,52.35,52.8,57.55,52.8,57.55,57.55,56.3,2011508,1.13248E+13,9661,915495,0.4551
31-07-2018,ADANIGREEN,EQ,57.55,60.4,60.4,58.6,60.4,60.4,60.24,3461295,2.08516E+13,10214,1608199,0.4646
01-08-2018,ADANIGREEN,EQ,60.4,62.7,63.4,62.3,63.4,63.4,63.27,1023345,6.47506E+12,2852,472925,0.4621
02-08-2018,ADANIGREEN,EQ,63.4,66.55,66.55,66.55,66.55,66.55,66.55,162902,1.08411E+12,544,155334,0.9535
03-08-2018,ADANIGREEN,EQ,66.55,69.85,69.85,69.85,69.85,69.85,69.85,116347,8.12684E+11,413,116347,1
06-08-2018,ADANIGREEN,EQ,69.85,73.3,73.3,73.3,73.3,73.3,73.3,66210,4.85319E+11,371,66210,1
07-08-2018,ADANIGREEN,EQ,73.3,71.3,73,69.65,69.65,69.65,70.37,1031500,7.25914E+12,3847,696499,0.6752
08-08-2018,ADANIGREEN,EQ,69.65,66.2,66.2,66.2,66.2,66.2,66.2,71603,4.74012E+11,621,71603,1
09-08-2018,ADANIGREEN,EQ,66.2,62.9,62.9,62.9,62.9,62.9,62.9,130477,8.207E+11,594,130266,0.9984
10-08-2018,ADANIGREEN,EQ,62.9,61.55,66,60.1,66,66,63.98,3789655,2.42451E+13,12535,1482827,0.3913
13-08-2018,ADANIGREEN,EQ,66,62.7,62.7,62.7,62.7,62.7,62.7,262033,1.64295E+12,1037,260904,0.9957
14-08-2018,ADANIGREEN,EQ,62.7,59.6,59.6,59.6,59.6,59.6,59.6,117253,6.98828E+11,660,116191,0.9909
16-08-2018,ADANIGREEN,EQ,59.6,56.65,56.65,56.65,56.65,56.65,56.65,82087,4.65023E+11,473,82080,0.9999
17-08-2018,ADANIGREEN,EQ,56.65,53.85,59.45,53.85,54.9,54.7,56.94,4325129,2.46294E+13,17138,1119257,0.2588
20-08-2018,ADANIGREEN,EQ,54.7,54.7,57.4,54.7,57.4,57.4,57.11,585571,3.34433E+12,1904,320968,0.5481
21-08-2018,ADANIGREEN,EQ,57.4,59,60.25,56,57.05,57.1,58.86,2223954,1.30902E+13,10683,866272,0.3895
23-08-2018,ADANIGREEN,EQ,57.1,58.7,59.95,56.55,57.3,57.2,57.88,946929,5.48066E+12,4997,440185,0.4649
24-08-2018,ADANIGREEN,EQ,57.2,58.5,58.5,54.9,55,55.55,56.37,544872,3.07157E+12,3430,288727,0.5299
27-08-2018,ADANIGREEN,EQ,55.55,55.2,57.4,53.25,55,55.5,55.24,1065753,5.88757E+12,6033,358148,0.3361
28-08-2018,ADANIGREEN,EQ,55.5,56.1,58.25,55.35,58.25,58.25,57.43,895093,5.14031E+12,3359,575122,0.6425
29-08-2018,ADANIGREEN,EQ,58.25,60,61.15,58,61.15,60.9,60.54,3048560,1.84551E+13,10670,837189,0.2746
30-08-2018,ADANIGREEN,EQ,60.9,62.6,62.8,58.7,59.2,59.05,60.77,927625,5.63692E+12,5163,548350,0.5911
31-08-2018,ADANIGREEN,EQ,59.05,59,59.4,56.9,57.15,57.4,58.08,611779,3.55319E+12,3877,362603,0.5927
03-09-2018,ADANIGREEN,EQ,57.4,57.8,58.6,55.7,56.2,55.9,56.93,444735,2.53175E+12,2933,265416,0.5968
04-09-2018,ADANIGREEN,EQ,55.9,56.8,56.8,53.25,53.9,53.5,54.56,528265,2.88199E+12,3429,322290,0.6101
05-09-2018,ADANIGREEN,EQ,53.5,53.5,54.5,51,52.4,52.25,51.97,476641,2.47722E+12,2745,273697,0.5742
06-09-2018,ADANIGREEN,EQ,52.25,53.25,54.85,52.45,54.85,54.85,54.61,773528,4.22411E+12,2839,275200,0.3558
07-09-2018,ADANIGREEN,EQ,54.85,56,57.45,55,55.75,55.7,56.5,470728,2.6596E+12,3140,267037,0.5673
10-09-2018,ADANIGREEN,EQ,55.7,56,56,53.75,54.35,54.05,54.66,277861,1.51871E+12,1864,159718,0.5748
11-09-2018,ADANIGREEN,EQ,54.05,54.35,55.4,52,53.15,52.5,53.57,281671,1.50896E+12,2390,164138,0.5827
12-09-2018,ADANIGREEN,EQ,52.5,54,54,51.2,52.5,52.65,52.41,248721,1.30353E+12,1999,116400,0.468
14-09-2018,ADANIGREEN,EQ,52.65,54.4,55.25,53.35,55.25,55.25,54.92,335372,1.84176E+12,1535,221174,0.6595
17-09-2018,ADANIGREEN,EQ,55.25,55.5,56.2,52.9,54.2,53.75,53.9,383467,2.06677E+12,2732,209494,0.5463
18-09-2018,ADANIGREEN,EQ,53.75,53.4,54.75,53.15,53.35,53.3,53.94,190458,1.02734E+12,1333,111558,0.5857
19-09-2018,ADANIGREEN,EQ,53.3,54,54.2,51.4,51.7,51.8,52.49,242903,1.2751E+12,1490,147812,0.6085
21-09-2018,ADANIGREEN,EQ,51.8,52.5,52.8,49.25,49.25,49.25,50.01,871518,4.35852E+12,3916,667429,0.7658
24-09-2018,ADANIGREEN,EQ,49.25,48.8,48.8,46.8,46.8,46.8,46.91,298844,1.40193E+12,1624,174766,0.5848
25-09-2018,ADANIGREEN,EQ,46.8,44.55,46.65,44.5,44.9,44.55,44.68,554878,2.4794E+12,2299,269686,0.486
26-09-2018,ADANIGREEN,EQ,44.55,46.45,46.75,44.6,45.3,45.2,45.99,757920,3.48548E+12,4251,358984,0.4736
27-09-2018,ADANIGREEN,EQ,45.2,45.95,45.95,42.95,42.95,42.95,43.76,370953,1.62318E+12,2777,247229,0.6665
28-09-2018,ADANIGREEN,EQ,42.95,42.95,43.3,40.85,40.85,40.85,41.02,241990,9.92707E+11,1086,155533,0.6427
01-10-2018,ADANIGREEN,EQ,40.85,38.85,40.75,38.85,38.85,39.2,39.1,715774,2.79882E+12,1631,510760,0.7136
03-10-2018,ADANIGREEN,EQ,39.2,40,40,37.25,37.25,37.25,37.83,610429,2.30901E+12,3620,403077,0.6603
04-10-2018,ADANIGREEN,EQ,37.25,35.4,35.4,35.4,35.4,35.4,35.4,103762,3.67317E+11,490,103762,1
05-10-2018,ADANIGREEN,EQ,35.4,33.65,33.65,33.65,33.65,33.65,33.65,80519,2.70946E+11,455,80519,1
08-10-2018,ADANIGREEN,EQ,33.65,32.75,33.1,32,32,32,32.25,1125121,3.62869E+12,2116,566415,0.5034
09-10-2018,ADANIGREEN,EQ,32,30.4,32.1,30.4,30.4,30.4,30.85,1129990,3.48593E+12,3947,613668,0.5431
10-10-2018,ADANIGREEN,EQ,30.4,29.1,31.9,29.1,31.9,31.9,30.74,310963,9.55943E+11,598,260280,0.837
11-10-2018,ADANIGREEN,EQ,31.9,32.9,33.45,32.05,33.45,33.45,33.13,351022,1.16304E+12,838,290739,0.8283
12-10-2018,ADANIGREEN,EQ,33.45,35.1,35.1,35.1,35.1,35.1,35.1,170930,5.99964E+11,331,104319,0.6103
15-10-2018,ADANIGREEN,EQ,35.1,35.9,36.85,35.25,36.85,36.85,36.59,2501987,9.15569E+12,7604,1145459,0.4578
16-10-2018,ADANIGREEN,EQ,36.85,37.6,38.65,37.3,38.65,38.65,38.49,1241610,4.77857E+12,3567,552107,0.4447
17-10-2018,ADANIGREEN,EQ,38.65,40.55,40.55,39.1,39.6,39.35,40.14,2436836,9.78152E+12,6695,854524,0.3507
19-10-2018,ADANIGREEN,EQ,39.35,39.5,39.5,37.4,37.4,37.4,37.78,633110,2.392E+12,3518,365210,0.5769
22-10-2018,ADANIGREEN,EQ,37.4,37.45,38.85,35.55,35.7,35.75,37.13,421538,1.56529E+12,2288,262380,0.6224
23-10-2018,ADANIGREEN,EQ,35.75,35.75,35.75,34,35.5,35.25,34.66,498569,1.72829E+12,2721,273320,0.5482
24-10-2018,ADANIGREEN,EQ,35.25,35.55,37,35.55,37,37,36.86,856135,3.15613E+12,2324,331462,0.3872
25-10-2018,ADANIGREEN,EQ,37,36.9,37.95,35.5,36.75,36.2,36.56,539990,1.97415E+12,3687,278172,0.5151
26-10-2018,ADANIGREEN,EQ,36.2,36.7,37.3,35.5,36.05,36.2,36.46,276450,1.00784E+12,1671,142295,0.5147
29-10-2018,ADANIGREEN,EQ,36.2,38,38,37.9,38,38,38,1008595,3.83264E+12,1043,639874,0.6344
30-10-2018,ADANIGREEN,EQ,38,39.9,39.9,38.45,38.95,39.3,39.72,3882939,1.54226E+13,6292,1474074,0.3796
31-10-2018,ADANIGREEN,EQ,39.3,39.3,40.5,37.35,39.7,39.65,38.65,2857119,1.10438E+13,6843,1225930,0.4291
01-11-2018,ADANIGREEN,EQ,39.65,38.3,41.4,38,40.9,41.05,40.15,1500492,6.025E+12,6581,667574,0.4449
02-11-2018,ADANIGREEN,EQ,41.05,41.95,42.8,41.1,41.3,41.3,42.02,948252,3.98469E+12,4166,560687,0.5913
05-11-2018,ADANIGREEN,EQ,41.3,41.85,43.35,41.85,43.35,43.35,43.27,664924,2.87736E+12,1220,474816,0.7141
06-11-2018,ADANIGREEN,EQ,43.35,45,45.5,42.5,43.5,43.1,44.58,1558886,6.9502E+12,9159,975694,0.6259
07-11-2018,ADANIGREEN,EQ,43.1,44.15,45.25,44,45.25,45.05,44.93,1009337,4.53507E+12,2857,502128,0.4975
09-11-2018,ADANIGREEN,EQ,45.05,45.9,46.35,43.6,45.05,45.25,45.17,728245,3.28931E+12,3526,435038,0.5974
12-11-2018,ADANIGREEN,EQ,45.25,45.25,45.9,43,43,43.1,44.15,488369,2.15614E+12,2785,333678,0.6832
13-11-2018,ADANIGREEN,EQ,43.1,42.5,42.7,41.45,42.1,42.1,42.01,435533,1.82957E+12,2430,234200,0.5377
14-11-2018,ADANIGREEN,EQ,42.1,42.35,43.8,42.3,42.55,42.7,43.08,412768,1.77825E+12,2542,205060,0.4968
15-11-2018,ADANIGREEN,EQ,42.7,42.9,44.2,41.25,43.6,43.35,43.46,367324,1.59643E+12,1834,235716,0.6417
16-11-2018,ADANIGREEN,EQ,43.35,44.4,44.4,41.7,42.3,42.35,42.55,499103,2.12351E+12,2585,334739,0.6707
19-11-2018,ADANIGREEN,EQ,42.35,42.4,42.75,40.7,41.2,41.25,41.47,294550,1.2214E+12,1781,190032,0.6452
20-11-2018,ADANIGREEN,EQ,41.25,41.25,42.85,41,41.6,41.45,42,364290,1.52994E+12,2096,190392,0.5226
21-11-2018,ADANIGREEN,EQ,41.45,43,43.5,41.2,43.5,43.5,42.76,595503,2.54624E+12,2702,339563,0.5702
22-11-2018,ADANIGREEN,EQ,43.5,44.5,45.65,43.8,45.65,45.65,45.15,1334318,6.02407E+12,4859,641587,0.4808
26-11-2018,ADANIGREEN,EQ,45.65,46.6,47.9,46.2,47.9,47.9,47.64,1426646,6.79612E+12,5115,730707,0.5122
27-11-2018,ADANIGREEN,EQ,47.9,48.9,50.25,48.6,49.5,49.45,49.64,1095967,5.44036E+12,4724,625394,0.5706
28-11-2018,ADANIGREEN,EQ,49.45,50,50,47,49.05,48.4,47.76,1512866,7.22619E+12,3981,636280,0.4206
29-11-2018,ADANIGREEN,EQ,48.4,48.6,49.7,46.9,47.7,47.45,48.4,628832,3.04361E+12,3147,383969,0.6106
30-11-2018,ADANIGREEN,EQ,47.45,48,48.55,46.4,46.7,46.75,47.44,345988,1.64133E+12,2210,201292,0.5818
03-12-2018,ADANIGREEN,EQ,46.75,47,47.5,45.3,45.7,46.05,46.49,317022,1.47385E+12,1897,182200,0.5747
04-12-2018,ADANIGREEN,EQ,46.05,46.9,46.9,45,45,45.1,45.29,331553,1.50148E+12,3056,200155,0.6037
05-12-2018,ADANIGREEN,EQ,45.1,44.4,47.35,44.4,47,46.8,46.73,1337441,6.24971E+12,6398,424816,0.3176
06-12-2018,ADANIGREEN,EQ,46.8,46.9,47.75,44.85,45.25,45.2,46.11,650624,2.99985E+12,4112,291144,0.4475
07-12-2018,ADANIGREEN,EQ,45.2,45.6,46.4,43.5,44.2,44.45,44.82,469921,2.1064E+12,2405,207623,0.4418
10-12-2018,ADANIGREEN,EQ,44.45,43,43,40.4,41.35,41.3,42.17,362344,1.52794E+12,1949,240898,0.6648
11-12-2018,ADANIGREEN,EQ,41.3,40.95,45,39.8,43.95,43.35,42.37,910217,3.85638E+12,4140,377527,0.4148
12-12-2018,ADANIGREEN,EQ,43.35,45.4,45.75,44.15,45,44.8,44.88,444342,1.99426E+12,1952,233032,0.5244
13-12-2018,ADANIGREEN,EQ,44.8,45.55,45.8,44,44.3,44.3,44.87,205559,9.2231E+11,1286,114952,0.5592
14-12-2018,ADANIGREEN,EQ,44.3,44,45.6,43.8,44.3,44.15,44.68,269581,1.20446E+12,1505,158077,0.5864
17-12-2018,ADANIGREEN,EQ,44.15,44.3,45.9,44.15,44.65,44.65,44.98,200093,9.00091E+11,1099,109019,0.5448
18-12-2018,ADANIGREEN,EQ,44.65,44.9,46.8,43.9,44.35,44.25,44.91,1217941,5.46957E+12,4547,557638,0.4579
19-12-2018,ADANIGREEN,EQ,44.25,44.65,44.75,44,44.05,44.15,44.43,341189,1.51604E+12,1461,211493,0.6199
20-12-2018,ADANIGREEN,EQ,44.15,43.95,44.65,43.6,44,43.95,44.1,369104,1.62789E+12,2150,227235,0.6156
21-12-2018,ADANIGREEN,EQ,43.95,43.95,44.25,42.35,42.5,42.5,43.01,443037,1.90547E+12,3102,308597,0.6965
24-12-2018,ADANIGREEN,EQ,42.5,42.5,43.2,42,42.15,42.15,42.55,174059,7.40679E+11,1045,104609,0.601
26-12-2018,ADANIGREEN,EQ,42.15,42.2,42.4,40.15,41.35,41.55,41.25,517905,2.1362E+12,3201,281620,0.5438
27-12-2018,ADANIGREEN,EQ,41.55,41.75,42.7,41.25,41.9,41.45,41.9,212220,8.8915E+11,1705,122426,0.5769
28-12-2018,ADANIGREEN,EQ,41.45,42,42.55,41.55,41.75,41.7,42.01,233894,9.82509E+11,1167,142592,0.6096
31-12-2018,ADANIGREEN,EQ,41.7,41.75,42.3,41.7,41.95,41.85,41.92,211687,8.87365E+11,1215,142707,0.6741
01-01-2019,ADANIGREEN,EQ,41.85,41.85,41.85,41.15,41.25,41.4,41.45,105166,4.35939E+11,781,65855,0.6262
02-01-2019,ADANIGREEN,EQ,41.4,41.1,42.5,40.55,40.9,41.15,41.53,288827,1.19962E+12,1791,141708,0.4906
03-01-2019,ADANIGREEN,EQ,41.15,41.5,42.15,40.75,40.75,40.95,41.21,211035,8.69593E+11,1326,137111,0.6497
04-01-2019,ADANIGREEN,EQ,40.95,40.95,41.3,40.4,40.8,40.55,40.75,169984,6.92635E+11,1119,107759,0.6339
07-01-2019,ADANIGREEN,EQ,40.55,41,42.25,41,41.2,41.1,41.44,292864,1.21365E+12,1325,180022,0.6147
08-01-2019,ADANIGREEN,EQ,41.1,41.1,41.5,40.5,40.7,40.75,40.91,259216,1.06038E+12,1325,158204,0.6103
09-01-2019,ADANIGREEN,EQ,40.75,41.2,41.2,40.5,40.75,40.65,40.78,160411,6.54137E+11,982,105482,0.6576
10-01-2019,ADANIGREEN,EQ,40.65,40.95,40.95,40.5,40.5,40.65,40.69,82567,3.35966E+11,568,61302,0.7425
11-01-2019,ADANIGREEN,EQ,40.65,40.65,41.35,39.5,39.85,39.75,40.44,346640,1.40184E+12,1864,191142,0.5514
14-01-2019,ADANIGREEN,EQ,39.75,40.5,40.95,39.5,39.65,39.6,40.08,269872,1.08156E+12,1253,182998,0.6781
15-01-2019,ADANIGREEN,EQ,39.6,40.1,40.1,38.5,39,38.75,39.16,228070,8.93198E+11,1432,168996,0.741
16-01-2019,ADANIGREEN,EQ,38.75,39.3,39.35,38.55,39.2,39.15,39.09,167243,6.53742E+11,911,93852,0.5612
17-01-2019,ADANIGREEN,EQ,39.15,39.75,40.25,39.15,39.7,39.65,39.73,221463,8.79902E+11,1099,145061,0.655
18-01-2019,ADANIGREEN,EQ,39.65,39.65,40.15,38.35,38.75,38.75,39.09,180157,7.04293E+11,1035,119584,0.6638
21-01-2019,ADANIGREEN,EQ,38.75,39,39.1,37.5,37.8,37.95,38.41,113138,4.34593E+11,953,80266,0.7095
22-01-2019,ADANIGREEN,EQ,37.95,38,38.9,36.55,37.75,37.75,37.68,243342,9.16898E+11,1900,100316,0.4122
23-01-2019,ADANIGREEN,EQ,37.75,37.75,38.35,37.55,37.9,37.95,38.02,113541,4.31699E+11,822,63990,0.5636
24-01-2019,ADANIGREEN,EQ,37.95,37.7,38.2,37,37.2,37.35,37.52,119053,4.46668E+11,888,78313,0.6578
25-01-2019,ADANIGREEN,EQ,37.35,38.05,38.05,34.7,35,35.1,36.04,250182,9.01777E+11,1832,188652,0.7541
28-01-2019,ADANIGREEN,EQ,35.1,35.45,36,31.6,32.5,32.5,32.73,770899,2.52352E+12,4571,466438,0.6051
29-01-2019,ADANIGREEN,EQ,32.5,33,35.75,32.25,35.35,34.9,34.66,542956,1.88167E+12,3432,268758,0.495
30-01-2019,ADANIGREEN,EQ,34.9,35.95,38.2,34.2,37.8,37.3,36.63,529540,1.93957E+12,3113,254995,0.4815
31-01-2019,ADANIGREEN,EQ,37.3,38,39.85,35,35.15,35.6,36.94,733194,2.70815E+12,3324,503036,0.6861
01-02-2019,ADANIGREEN,EQ,35.6,36.4,37,35.5,35.9,35.75,36.07,352935,1.27287E+12,2321,179412,0.5083
04-02-2019,ADANIGREEN,EQ,35.75,35.95,36.3,33,34.15,33.85,34.2,251417,8.5977E+11,2272,147266,0.5857
05-02-2019,ADANIGREEN,EQ,33.85,34.3,34.35,32.6,32.9,32.95,33.37,192834,6.43392E+11,1125,148500,0.7701
06-02-2019,ADANIGREEN,EQ,32.95,33.4,34,33,33,33.1,33.17,345009,1.1444E+12,1377,164683,0.4773
07-02-2019,ADANIGREEN,EQ,33.1,33.5,37.8,33.5,34.65,34.4,35.06,1211335,4.24688E+12,5110,425109,0.3509
08-02-2019,ADANIGREEN,EQ,34.4,34.75,34.75,33,34,33.9,33.87,190270,6.44418E+11,1049,129760,0.682
11-02-2019,ADANIGREEN,EQ,33.9,33,35.2,32.6,33,32.85,33.12,198956,6.58916E+11,941,152639,0.7672
12-02-2019,ADANIGREEN,EQ,32.85,33,33.4,31.85,32.5,32.1,32.58,216299,7.04682E+11,1096,133846,0.6188
13-02-2019,ADANIGREEN,EQ,32.1,32.7,34.5,31.05,32.3,32.4,32.84,587135,1.92817E+12,2702,216735,0.3691
14-02-2019,ADANIGREEN,EQ,32.4,32.55,33.75,31.65,32.2,31.95,32.49,418342,1.35916E+12,3525,272982,0.6525
15-02-2019,ADANIGREEN,EQ,31.95,32.05,32.5,30.8,31,31,31.35,438733,1.37562E+12,3972,311221,0.7094
18-02-2019,ADANIGREEN,EQ,31,31.45,31.45,30.15,30.2,30.25,30.47,238514,7.26729E+11,2790,161230,0.676
19-02-2019,ADANIGREEN,EQ,30.25,30.25,31.5,30.2,30.75,30.8,30.89,200552,6.19543E+11,1149,124191,0.6192
20-02-2019,ADANIGREEN,EQ,30.8,31.15,31.65,30.55,31,30.95,31.09,220599,6.85902E+11,1094,115527,0.5237
21-02-2019,ADANIGREEN,EQ,30.95,31,31.8,30.35,30.4,30.85,31.11,320492,9.97066E+11,1321,232111,0.7242
22-02-2019,ADANIGREEN,EQ,30.85,31.1,32.95,30.75,32.75,32.7,32.29,788757,2.54666E+12,2740,472747,0.5994
25-02-2019,ADANIGREEN,EQ,32.7,33.4,33.5,32.3,33,32.95,32.83,493358,1.61967E+12,1564,346901,0.7031
26-02-2019,ADANIGREEN,EQ,32.95,32.75,33.25,30.55,33,32.9,32.11,602009,1.93321E+12,2660,254933,0.4235
27-02-2019,ADANIGREEN,EQ,32.9,33.25,34.5,32.55,32.55,32.9,33.69,918227,3.09318E+12,2711,474322,0.5166
28-02-2019,ADANIGREEN,EQ,32.9,33,33.5,32.65,33.2,33.05,33.11,305906,1.01292E+12,1440,169261,0.5533
01-03-2019,ADANIGREEN,EQ,33.05,33.1,35.3,33.1,34.1,34.2,34.36,1019350,3.50198E+12,3851,505122,0.4955
05-03-2019,ADANIGREEN,EQ,34.2,34.25,37.4,34.1,36.35,36.25,35.97,1423360,5.11974E+12,4413,837144,0.5881
06-03-2019,ADANIGREEN,EQ,36.25,36.75,37.45,35,35.2,35.4,36.2,976586,3.53546E+12,3819,595429,0.6097
07-03-2019,ADANIGREEN,EQ,35.4,36,36.45,34.95,35.7,35.6,35.45,816819,2.89524E+12,2698,453423,0.5551
08-03-2019,ADANIGREEN,EQ,35.6,35.6,35.95,34.7,35.05,35,35.1,552247,1.93835E+12,1703,299046,0.5415
11-03-2019,ADANIGREEN,EQ,35,35.4,36.25,35.15,36.1,36.15,35.95,515567,1.85329E+12,1749,327967,0.6361
12-03-2019,ADANIGREEN,EQ,36.15,36.5,40.7,36.4,39.25,39.1,39.15,3374322,1.32114E+13,10490,1308092,0.3877
13-03-2019,ADANIGREEN,EQ,39.1,39.3,41.6,38.4,39.65,39.75,40.32,2123795,8.5637E+12,7181,933328,0.4395
14-03-2019,ADANIGREEN,EQ,39.75,40.2,40.3,38.25,38.6,38.55,38.95,791109,3.08143E+12,3246,376611,0.4761
15-03-2019,ADANIGREEN,EQ,38.55,38.9,39.6,37.3,37.65,37.8,38.57,886002,3.417E+12,3820,514739,0.581
18-03-2019,ADANIGREEN,EQ,37.8,38.25,38.45,36.45,37.4,37.4,37.41,591667,2.21341E+12,3102,222383,0.3759
19-03-2019,ADANIGREEN,EQ,37.4,37.4,38,37,37.15,37.1,37.49,514591,1.92913E+12,2407,199565,0.3878
20-03-2019,ADANIGREEN,EQ,37.1,37,37.25,36.2,36.5,36.45,36.68,458645,1.68214E+12,2177,200458,0.4371
22-03-2019,ADANIGREEN,EQ,36.45,36.6,37,35.35,36,36,36.06,505496,1.82275E+12,2648,208564,0.4126
25-03-2019,ADANIGREEN,EQ,36,35.55,35.7,34.7,35.3,35.15,35.14,426556,1.4988E+12,1656,250360,0.5869
26-03-2019,ADANIGREEN,EQ,35.15,35.05,36.25,34.9,36.15,35.95,35.48,480545,1.70503E+12,1931,283368,0.5897
27-03-2019,ADANIGREEN,EQ,35.95,36.1,36.7,35.15,35.35,35.55,36.04,366621,1.32122E+12,1799,230025,0.6274
28-03-2019,ADANIGREEN,EQ,35.55,35.6,36.4,35.25,35.95,35.85,35.78,498011,1.78171E+12,3055,218733,0.4392
29-03-2019,ADANIGREEN,EQ,35.85,35.95,38.25,35.45,37.1,37.15,37.41,2006664,7.50714E+12,7461,788790,0.3931
01-04-2019,ADANIGREEN,EQ,37.15,37.55,39.2,37.55,38.75,38.7,38.56,780251,3.009E+12,2950,367608,0.4711
02-04-2019,ADANIGREEN,EQ,38.7,38.95,39.4,37.6,37.9,37.75,38.25,785107,3.00297E+12,2342,512645,0.653
03-04-2019,ADANIGREEN,EQ,37.75,37.75,38.45,36.85,37.3,37.25,37.74,368043,1.38899E+12,1409,201903,0.5486
04-04-2019,ADANIGREEN,EQ,37.25,37.3,37.7,36.45,36.9,36.95,37,425277,1.57333E+12,1481,206925,0.4866
05-04-2019,ADANIGREEN,EQ,36.95,37,37.25,36.35,36.8,36.65,36.85,258016,9.50834E+11,1199,160316,0.6213
08-04-2019,ADANIGREEN,EQ,36.65,36.95,37.4,36.1,36.25,36.25,36.68,680431,2.49583E+12,2031,457037,0.6717
09-04-2019,ADANIGREEN,EQ,36.25,36.5,37.25,36,36.75,37,36.76,434729,1.59799E+12,1409,238088,0.5477
10-04-2019,ADANIGREEN,EQ,37,36.9,38.1,36.35,37.05,36.95,37.48,446323,1.67268E+12,1734,217003,0.4862
11-04-2019,ADANIGREEN,EQ,36.95,37,37.3,35.7,35.85,36,36.29,592636,2.15092E+12,2102,355938,0.6006
12-04-2019,ADANIGREEN,EQ,36,36.35,37.45,36.2,37,37,36.91,716786,2.6458E+12,1735,412794,0.5759
15-04-2019,ADANIGREEN,EQ,37,37.3,37.75,37.15,37.6,37.45,37.49,598604,2.24432E+12,1571,398722,0.6661
16-04-2019,ADANIGREEN,EQ,37.45,37.6,44.9,37.6,44.4,44.5,43.1,10783405,4.64812E+13,29756,2631105,0.244
18-04-2019,ADANIGREEN,EQ,44.5,44.9,48.05,41.3,44.55,45,45.34,7207777,3.26831E+13,26324,2021789,0.2805
22-04-2019,ADANIGREEN,EQ,45,44.4,46.95,43.65,44.9,44.75,45.67,2596859,1.18603E+13,9523,967717,0.3726
23-04-2019,ADANIGREEN,EQ,44.75,44.6,46.15,43.85,44.2,44.2,44.82,1041669,4.66927E+12,4281,392340,0.3766
24-04-2019,ADANIGREEN,EQ,44.2,44.4,45.45,44.3,44.85,44.7,44.84,867612,3.89061E+12,3299,362053,0.4173
25-04-2019,ADANIGREEN,EQ,44.7,44.75,45.1,43.5,43.85,43.8,44.28,599113,2.6528E+12,2385,353255,0.5896
26-04-2019,ADANIGREEN,EQ,43.8,43.55,44,42.5,42.95,43,43.25,648948,2.80673E+12,2601,343101,0.5287
30-04-2019,ADANIGREEN,EQ,43,42.95,43,39.65,39.85,40.05,40.81,958201,3.90996E+12,4448,494493,0.5161
02-05-2019,ADANIGREEN,EQ,40.05,40,44,39.3,42.05,41.8,42.32,1313437,5.55803E+12,5232,505704,0.385
03-05-2019,ADANIGREEN,EQ,41.8,41.9,43.65,41.5,42,41.9,42.2,432762,1.82641E+12,2421,221726,0.5124
06-05-2019,ADANIGREEN,EQ,41.9,41.4,41.55,39.95,40.2,40.2,40.66,482271,1.96115E+12,2057,326037,0.676
07-05-2019,ADANIGREEN,EQ,40.2,40.5,41.65,39.1,39.5,39.45,40.45,752888,3.04537E+12,4172,360206,0.4784
08-05-2019,ADANIGREEN,EQ,39.45,39.85,40,37.8,38.1,38.05,38.46,793079,3.04996E+12,3668,477702,0.6023
09-05-2019,ADANIGREEN,EQ,38.05,38.25,39.5,37.45,39.3,39.15,38.81,704888,2.73599E+12,4784,312059,0.4427
10-05-2019,ADANIGREEN,EQ,39.15,39.7,40,38.7,39.25,39.1,39.46,389550,1.537E+12,2413,211453,0.5428
13-05-2019,ADANIGREEN,EQ,39.1,39.35,40,37.65,38,37.8,38.48,388130,1.49347E+12,1718,222087,0.5722
14-05-2019,ADANIGREEN,EQ,37.8,37.6,37.95,37.15,37.9,37.7,37.66,551588,2.07754E+12,3251,283312,0.5136
15-05-2019,ADANIGREEN,EQ,37.7,38.1,39.85,37.1,37.85,37.5,38.56,991433,3.82342E+12,6588,452741,0.4567
16-05-2019,ADANIGREEN,EQ,37.5,37.5,37.5,35.6,36.85,36.6,36.32,750015,2.72371E+12,4106,327633,0.4368
17-05-2019,ADANIGREEN,EQ,36.6,37,37.85,36.6,37.7,37.4,37.3,605735,2.25935E+12,2301,322665,0.5327
20-05-2019,ADANIGREEN,EQ,37.4,41,43.9,41,43.5,43.1,42.47,2765726,1.1747E+13,9354,1233570,0.446
21-05-2019,ADANIGREEN,EQ,43.1,44.1,45.2,43.1,43.5,43.35,44.08,2839782,1.25168E+13,10042,1187469,0.4182
22-05-2019,ADANIGREEN,EQ,43.35,44.2,44.25,42.45,44.1,43.95,43.67,1366431,5.96723E+12,5032,770400,0.5638
23-05-2019,ADANIGREEN,EQ,43.95,46,47.4,43.05,43.25,43.4,45.35,3296384,1.49504E+13,10973,1310995,0.3977
24-05-2019,ADANIGREEN,EQ,43.4,44,44.3,41.5,42.6,42.3,42.58,836545,3.56226E+12,4000,366233,0.4378
27-05-2019,ADANIGREEN,EQ,42.3,42.55,44,42.3,43.25,43.15,43.21,728280,3.14695E+12,3251,351857,0.4831
28-05-2019,ADANIGREEN,EQ,43.15,43.5,46.6,43.05,45,45,45,2795602,1.25807E+13,11471,931696,0.3333
29-05-2019,ADANIGREEN,EQ,45,45.2,46,44.2,45,44.7,45.22,1087465,4.91699E+12,4224,428388,0.3939
30-05-2019,ADANIGREEN,EQ,44.7,44.9,45.2,44.25,44.7,44.6,44.76,775453,3.471E+12,2906,446806,0.5762
31-05-2019,ADANIGREEN,EQ,44.6,44.8,45,41.95,43.3,43.3,43.62,733078,3.19737E+12,3469,361959,0.4938
03-06-2019,ADANIGREEN,EQ,43.3,43.55,45.1,42.05,44,44.1,44.15,1032570,4.55833E+12,4170,403295,0.3906
04-06-2019,ADANIGREEN,EQ,44.1,43.9,46.15,43.6,45.15,45.2,45.18,1564837,7.06976E+12,5457,828647,0.5295
06-06-2019,ADANIGREEN,EQ,45.2,45.65,45.9,44.15,44.45,44.35,45,1090829,4.90878E+12,3607,561722,0.5149
07-06-2019,ADANIGREEN,EQ,44.35,44.45,44.75,43,43.05,43.25,43.77,958801,4.19709E+12,2539,615951,0.6424
10-06-2019,ADANIGREEN,EQ,43.25,43.95,44.1,42.8,42.95,42.9,43.35,572040,2.47968E+12,2619,303291,0.5302
11-06-2019,ADANIGREEN,EQ,42.9,42.9,43.15,42,42.5,42.55,42.61,373551,1.59184E+12,1697,178980,0.4791
12-06-2019,ADANIGREEN,EQ,42.55,42.95,43.7,42.95,43.1,43.15,43.3,1005299,4.35257E+12,3330,431154,0.4289
13-06-2019,ADANIGREEN,EQ,43.15,43.3,43.7,42.1,43.2,43.4,43.09,878605,3.78576E+12,3427,441897,0.503
14-06-2019,ADANIGREEN,EQ,43.4,43.2,44.1,42.5,42.55,42.6,43.26,735206,3.18059E+12,3113,390644,0.5313
17-06-2019,ADANIGREEN,EQ,42.6,42.3,43.05,41.35,41.55,41.65,42.27,463842,1.96056E+12,1741,343606,0.6974
18-06-2019,ADANIGREEN,EQ,41.65,41.65,42.3,40.3,40.7,40.8,40.88,507146,2.07325E+12,2253,265440,0.4423
19-06-2019,ADANIGREEN,EQ,40.8,40.8,41.9,38.6,39.5,39.75,39.95,716297,2.86194E+12,3233,341064,0.4761
20-06-2019,ADANIGREEN,EQ,39.75,40.9,42,40.3,40.95,40.95,41.06,1318472,5.41372E+12,6349,351760,0.2668
21-06-2019,ADANIGREEN,EQ,40.95,41.25,42.15,40.6,41.05,41.25,41.46,544866,2.25898E+12,2789,198022,0.3634
24-06-2019,ADANIGREEN,EQ,41.25,41.6,41.65,40.45,41.25,41.15,41.28,329432,1.35984E+12,1787,149424,0.4536
25-06-2019,ADANIGREEN,EQ,41.15,40.75,41.95,40.75,41.3,41.35,41.34,420526,1.73825E+12,2235,153040,0.3639
26-06-2019,ADANIGREEN,EQ,41.35,41.5,41.8,41.1,41.55,41.5,41.41,337225,1.3964E+12,1651,119458,0.3542
27-06-2019,ADANIGREEN,EQ,41.5,41.6,43.25,41.4,43.05,42.35,42.02,520763,2.18806E+12,2058,318764,0.6121
28-06-2019,ADANIGREEN,EQ,42.35,42.8,45.75,42.6,44.8,44.4,44.58,1669966,7.44419E+12,6526,689492,0.4129
01-07-2019,ADANIGREEN,EQ,44.4,44.95,46.1,44.45,45.65,45.5,45.37,1373074,6.23009E+12,5590,578245,0.4211
02-07-2019,ADANIGREEN,EQ,45.5,45.75,52.15,45.65,50.2,50.2,50.16,9097156,4.56303E+13,40895,2432030,0.2673
03-07-2019,ADANIGREEN,EQ,50.2,50.75,54,50.5,52.05,52,52.53,5384608,2.82867E+13,22058,1597726,0.2967
04-07-2019,ADANIGREEN,EQ,52,52.5,53.4,50.25,51,51.05,51.51,2307705,1.18863E+13,10930,688295,0.2983
05-07-2019,ADANIGREEN,EQ,51.05,51.45,52.2,46.8,47.45,47.6,49.02,1917892,9.40087E+12,8683,795211,0.4146
08-07-2019,ADANIGREEN,EQ,47.6,47,47,44,45,44.85,45.08,1441111,6.49705E+12,5933,588262,0.4082
09-07-2019,ADANIGREEN,EQ,44.85,44.7,51.8,43.25,49.5,49.6,48.8,5877043,2.86803E+13,29498,1212367,0.2063
10-07-2019,ADANIGREEN,EQ,49.6,50.2,53,48.1,48.9,49.1,50.01,3006518,1.50355E+13,11346,861349,0.2865
11-07-2019,ADANIGREEN,EQ,49.1,49.55,50.7,48.25,49.25,49.45,49.28,1433624,7.06529E+12,5930,410037,0.286
12-07-2019,ADANIGREEN,EQ,49.45,49.75,50.8,49,49.5,49.55,49.89,1510070,7.53378E+12,7139,447324,0.2962
15-07-2019,ADANIGREEN,EQ,49.55,49.9,51.1,48.1,48.6,48.5,49.15,967174,4.75412E+12,4354,323024,0.334
16-07-2019,ADANIGREEN,EQ,48.5,48.9,49.85,48,49.35,49.2,48.92,1212564,5.9322E+12,4744,306769,0.253
17-07-2019,ADANIGREEN,EQ,49.2,49.4,50,48.2,48.35,48.45,48.92,705789,3.4526E+12,3639,244499,0.3464
18-07-2019,ADANIGREEN,EQ,48.45,48.3,49.75,46.95,47.7,47.5,48.35,938262,4.53685E+12,3973,299863,0.3196
19-07-2019,ADANIGREEN,EQ,47.5,48,48.15,45.2,46,45.8,46.27,1180434,5.46166E+12,5064,500042,0.4236
22-07-2019,ADANIGREEN,EQ,45.8,45.5,47.45,44.7,47,46.8,46.46,1022220,4.74953E+12,4604,396166,0.3876
23-07-2019,ADANIGREEN,EQ,46.8,46.9,49.35,46.7,48.8,48.8,48.53,1756709,8.5245E+12,6275,967173,0.5506
24-07-2019,ADANIGREEN,EQ,48.8,49.4,49.5,48.25,48.25,48.45,48.56,671080,3.25867E+12,2284,398362,0.5936
25-07-2019,ADANIGREEN,EQ,48.45,48.35,49.4,48.35,48.7,48.8,48.97,677095,3.31553E+12,2646,386371,0.5706
26-07-2019,ADANIGREEN,EQ,48.8,48.8,50.35,48.2,49.3,49.6,49.41,777960,3.84392E+12,3032,391048,0.5027
29-07-2019,ADANIGREEN,EQ,49.6,49.05,50.05,48.55,48.9,48.8,49.08,328736,1.61332E+12,1418,173881,0.5289
30-07-2019,ADANIGREEN,EQ,48.8,49,49.2,46,46.05,46.4,47.26,623197,2.9454E+12,2687,330167,0.5298
31-07-2019,ADANIGREEN,EQ,46.4,45.6,47.8,45.4,46.7,46.8,46.64,473057,2.20619E+12,2464,192889,0.4078
01-08-2019,ADANIGREEN,EQ,46.8,46,47.75,45.1,45.7,45.6,46.18,503495,2.32513E+12,2141,259243,0.5149
02-08-2019,ADANIGREEN,EQ,45.6,45.4,48.15,45,46.8,46.85,46.68,932015,4.35091E+12,3730,377577,0.4051
05-08-2019,ADANIGREEN,EQ,46.85,46.1,47.7,45.1,45.7,45.8,46.11,767973,3.54129E+12,2859,415895,0.5415
06-08-2019,ADANIGREEN,EQ,45.8,45.95,48.15,45.5,47.6,47.5,47.24,584382,2.76035E+12,2565,245561,0.4202
07-08-2019,ADANIGREEN,EQ,47.5,47.65,49.35,47.2,47.7,47.8,48.34,1046474,5.05902E+12,4052,381704,0.3648
08-08-2019,ADANIGREEN,EQ,47.8,48.5,49.4,46.7,47.2,47.35,47.8,860687,4.11439E+12,3942,319018,0.3707
09-08-2019,ADANIGREEN,EQ,47.35,47.45,48.1,46.05,46.5,46.4,47.22,599088,2.82893E+12,2488,243483,0.4064
13-08-2019,ADANIGREEN,EQ,46.4,47,47.4,45.9,46.4,46.5,46.59,393919,1.83525E+12,1790,235181,0.597
14-08-2019,ADANIGREEN,EQ,46.5,46.5,47,46.3,46.6,46.6,46.68,219496,1.02455E+12,1180,104664,0.4768
16-08-2019,ADANIGREEN,EQ,46.6,45.2,47.65,45.2,46.8,46.85,46.86,348501,1.6332E+12,1983,146961,0.4217
19-08-2019,ADANIGREEN,EQ,46.85,47.3,47.4,46.1,46.3,46.35,46.69,289088,1.34972E+12,1547,165178,0.5714
20-08-2019,ADANIGREEN,EQ,46.35,46.3,46.65,45.4,45.9,45.8,46,298641,1.37363E+12,1875,147823,0.495
21-08-2019,ADANIGREEN,EQ,45.8,45.9,45.9,43.8,44.35,44.1,44.74,310844,1.39069E+12,1824,191313,0.6155
22-08-2019,ADANIGREEN,EQ,44.1,43.6,44.5,43.2,43.85,43.5,43.83,486726,2.13354E+12,2170,249851,0.5133
23-08-2019,ADANIGREEN,EQ,43.5,43,44,42.75,43.75,43.85,43.59,394426,1.71927E+12,1954,181453,0.46
26-08-2019,ADANIGREEN,EQ,43.85,45,45,42.5,43.6,43.65,43.59,445215,1.94079E+12,2286,203697,0.4575
27-08-2019,ADANIGREEN,EQ,43.65,43.55,45.5,43.5,45,44.95,44.58,469164,2.09136E+12,1833,241592,0.5149
28-08-2019,ADANIGREEN,EQ,44.95,45,45.2,43.5,43.8,44.05,44.3,292461,1.29572E+12,1938,164803,0.5635
29-08-2019,ADANIGREEN,EQ,44.05,44.15,44.3,43,43.4,43.4,43.57,175387,7.6415E+11,1079,79467,0.4531
30-08-2019,ADANIGREEN,EQ,43.4,46,47.85,45.5,45.75,46.4,46.51,1922577,8.94171E+12,10562,416528,0.2167
03-09-2019,ADANIGREEN,EQ,46.4,46,46.2,43.5,44.6,44.45,45.08,337233,1.52017E+12,1712,205234,0.6086
04-09-2019,ADANIGREEN,EQ,44.45,44.8,44.8,43.5,43.95,43.85,43.94,266067,1.16903E+12,1478,127085,0.4776
05-09-2019,ADANIGREEN,EQ,43.85,44.15,45.9,44.15,44.95,45.05,45.12,299542,1.35168E+12,1563,117224,0.3913
06-09-2019,ADANIGREEN,EQ,45.05,45.25,45.8,44.75,45.05,45.1,45.22,278208,1.25801E+12,1878,87317,0.3139
09-09-2019,ADANIGREEN,EQ,45.1,45.45,45.9,45,45.5,45.5,45.43,337267,1.53228E+12,1339,179364,0.5318
11-09-2019,ADANIGREEN,EQ,45.5,45.55,49.1,45.5,48.5,48.3,47.78,1040310,4.97034E+12,3931,528927,0.5084
12-09-2019,ADANIGREEN,EQ,48.3,49.05,50.25,48.4,48.6,48.9,49.45,922820,4.56301E+12,2869,399163,0.4325
13-09-2019,ADANIGREEN,EQ,48.9,49.25,50.6,48,50.4,50.25,49.53,706131,3.49712E+12,2574,439211,0.622
16-09-2019,ADANIGREEN,EQ,50.25,49.95,57.5,49.85,55.4,55.55,55,5344257,2.93912E+13,21049,1760403,0.3294
17-09-2019,ADANIGREEN,EQ,55.55,55.9,57.2,53.35,54.5,54.85,55.35,1969318,1.09011E+13,8644,711924,0.3615
18-09-2019,ADANIGREEN,EQ,54.85,55.6,55.7,52,52.85,53.05,53.76,1049757,5.64298E+12,5439,305790,0.2913
19-09-2019,ADANIGREEN,EQ,53.05,53.1,53.3,48.85,50.3,50.15,51.1,1387090,7.08771E+12,6227,610139,0.4399
20-09-2019,ADANIGREEN,EQ,50.15,50.5,53.4,49.2,51.4,51.6,51.47,1461426,7.52144E+12,5765,633167,0.4333
23-09-2019,ADANIGREEN,EQ,51.6,52.5,54.5,51.7,51.95,52.2,52.75,1072941,5.65967E+12,3645,541486,0.5047
24-09-2019,ADANIGREEN,EQ,52.2,52,53.5,51.3,52.6,52.7,52.56,763788,4.01421E+12,3268,328822,0.4305
25-09-2019,ADANIGREEN,EQ,52.7,52.6,53.85,51.4,52.55,52.55,52.73,910875,4.80294E+12,3638,316109,0.347
26-09-2019,ADANIGREEN,EQ,52.55,52.6,60.45,52.1,59.15,59.15,58.4,6024700,3.51829E+13,23238,2364095,0.3924
27-09-2019,ADANIGREEN,EQ,59.15,59.15,60.05,56,57.3,57.35,58.11,2026755,1.17776E+13,7491,669645,0.3304
30-09-2019,ADANIGREEN,EQ,57.35,57.55,61.45,55.8,58.25,58.25,59.56,4085782,2.4335E+13,15680,1310061,0.3206
01-10-2019,ADANIGREEN,EQ,58.25,58.75,59.3,55.9,56.7,56.5,57.63,1433723,8.26221E+12,5554,570169,0.3977
03-10-2019,ADANIGREEN,EQ,56.5,56.7,63.25,55,61.6,61.2,60.5,3183487,1.92601E+13,13756,1326444,0.4167
04-10-2019,ADANIGREEN,EQ,61.2,61.85,66,61.2,64.35,65.15,64.03,6352717,4.06762E+13,27655,2184059,0.3438
07-10-2019,ADANIGREEN,EQ,65.15,65.45,68.7,62.6,68,68.05,66.31,4496152,2.98139E+13,18627,1554216,0.3457
09-10-2019,ADANIGREEN,EQ,68.05,68.3,74.3,67.5,71.4,71.45,71.54,6942443,4.96638E+13,33327,1521840,0.2192
10-10-2019,ADANIGREEN,EQ,71.45,71.4,74.5,70.55,73.95,73.8,73.11,3267575,2.38904E+13,16856,688511,0.2107
11-10-2019,ADANIGREEN,EQ,73.8,74.6,79.35,74.2,79,78.75,77.64,6379751,4.95318E+13,29808,1243486,0.1949
14-10-2019,ADANIGREEN,EQ,78.75,79.45,81.25,72.2,78.75,79.15,78.4,5291524,4.14882E+13,21331,2242091,0.4237
15-10-2019,ADANIGREEN,EQ,79.15,79.8,81.2,77.75,80.5,79.95,79.88,2719906,2.17267E+13,15209,952333,0.3501
16-10-2019,ADANIGREEN,EQ,79.95,80.6,81,79.3,80,80.25,80.1,1511651,1.21088E+13,8410,703681,0.4655
17-10-2019,ADANIGREEN,EQ,80.25,80.45,92.9,80.25,88.15,88.85,88.21,8398359,7.40856E+13,50257,2016223,0.2401
18-10-2019,ADANIGREEN,EQ,88.85,89,93,88,88.45,89.6,91.22,3174728,2.89583E+13,21521,1198359,0.3775
22-10-2019,ADANIGREEN,EQ,89.6,90,91.25,84,86.6,86.6,86.91,2692862,2.34028E+13,15797,1249688,0.4641
23-10-2019,ADANIGREEN,EQ,86.6,86.55,89.8,85,86.55,86.65,87.27,1917829,1.67363E+13,12161,546955,0.2852
24-10-2019,ADANIGREEN,EQ,86.65,87.35,87.75,85.1,86.2,86.15,86.15,1196231,1.03055E+13,6537,474198,0.3964
25-10-2019,ADANIGREEN,EQ,86.15,85.9,93.1,85,89.4,88.95,89.97,3192580,2.87242E+13,22114,1079285,0.3381
27-10-2019,ADANIGREEN,EQ,88.95,90,91.5,89.5,89.8,90.2,90.39,678015,6.12861E+12,5100,309755,0.4569
29-10-2019,ADANIGREEN,EQ,90.2,90.35,92.7,87.1,89.2,89.5,90.39,1977567,1.78753E+13,12728,485594,0.2456
30-10-2019,ADANIGREEN,EQ,89.5,89.6,92,89.5,89.8,89.9,90.17,1188364,1.07159E+13,8154,397493,0.3345
31-10-2019,ADANIGREEN,EQ,89.9,90.55,91.75,88.6,89.65,89.7,89.99,1051707,9.46386E+12,6277,561731,0.5341
01-11-2019,ADANIGREEN,EQ,89.7,90.25,91,88.1,89.75,89.95,89.62,937093,8.39796E+12,5717,385923,0.4118
04-11-2019,ADANIGREEN,EQ,89.95,89.7,95.85,89.6,92.95,92.65,93.24,3284998,3.06277E+13,20086,973422,0.2963
05-11-2019,ADANIGREEN,EQ,92.65,93.2,93.6,90.1,90.7,90.7,91.52,963016,8.81383E+12,5702,495491,0.5145
06-11-2019,ADANIGREEN,EQ,90.7,90,92.2,89.15,90.2,90.3,90.89,1188174,1.07993E+13,7423,373226,0.3141
07-11-2019,ADANIGREEN,EQ,90.3,90.4,91.2,88.3,88.4,88.7,89.48,911495,8.15598E+12,5983,460712,0.5054
08-11-2019,ADANIGREEN,EQ,88.7,88.8,89.6,83.6,86.8,86.7,86.91,1403419,1.2197E+13,8262,684646,0.4878
11-11-2019,ADANIGREEN,EQ,86.7,86.8,95.25,85.2,94.1,93.85,91.92,4135563,3.8015E+13,19823,1911565,0.4622
13-11-2019,ADANIGREEN,EQ,93.85,95,99.8,94,95.6,96,97.19,6684791,6.49681E+13,41206,1869285,0.2796
14-11-2019,ADANIGREEN,EQ,96,96.7,98.5,93.5,95.2,95.05,95.36,1611104,1.5363E+13,12218,583214,0.362
15-11-2019,ADANIGREEN,EQ,95.05,95.4,96.7,94.5,95.85,95.5,95.64,1053101,1.00717E+13,7830,347713,0.3302
18-11-2019,ADANIGREEN,EQ,95.5,95.95,96,93.65,93.9,94.05,94.37,643258,6.07028E+12,5065,305572,0.475
19-11-2019,ADANIGREEN,EQ,94.05,94.05,97.6,92,96.2,96.2,94.69,1471915,1.39377E+13,8990,654208,0.4445
20-11-2019,ADANIGREEN,EQ,96.2,96.8,100.9,95.6,98.25,98.75,98.63,2279188,2.24805E+13,12887,751415,0.3297
21-11-2019,ADANIGREEN,EQ,98.75,98.65,99.2,96.3,97.25,97,97.79,855172,8.36241E+12,5784,422211,0.4937
22-11-2019,ADANIGREEN,EQ,97,97.45,106.7,95.3,106.7,106.7,103,4228833,4.35549E+13,24214,1502336,0.3553
25-11-2019,ADANIGREEN,EQ,106.7,107.7,117.3,106.7,113.8,114.3,113.59,6899872,7.83722E+13,48332,1550313,0.2247
26-11-2019,ADANIGREEN,EQ,114.3,114.5,118.85,110.85,115,115.15,115.49,3410913,3.9392E+13,27662,969174,0.2841
27-11-2019,ADANIGREEN,EQ,115.15,115.8,126.65,115.4,126.65,125.9,122.62,5101074,6.25469E+13,30987,1265004,0.248
28-11-2019,ADANIGREEN,EQ,125.9,127.25,132.15,127.25,132.15,132.15,130.02,3053265,3.96986E+13,23058,1215537,0.3981
29-11-2019,ADANIGREEN,EQ,132.15,136,138.75,132.35,137.15,137.1,137.3,5716364,7.84868E+13,35088,1451258,0.2539
02-12-2019,ADANIGREEN,EQ,137.1,138,138.7,130.25,132.25,131.3,131.81,3121254,4.1141E+13,18933,1339025,0.429
03-12-2019,ADANIGREEN,EQ,131.3,132,132,124.75,124.75,124.75,125.63,1057611,1.32867E+13,6656,611028,0.5777
04-12-2019,ADANIGREEN,EQ,124.75,119.55,130.95,118.55,127.9,128.55,123.87,6954803,8.61468E+13,33258,2107089,0.303
05-12-2019,ADANIGREEN,EQ,128.55,129,133.95,128.6,129.5,129.95,130.97,1769948,2.31802E+13,17969,584123,0.33
06-12-2019,ADANIGREEN,EQ,129.95,129.6,131.25,123.5,126,126.4,126.69,1133254,1.4357E+13,13407,484486,0.4275
09-12-2019,ADANIGREEN,EQ,126.4,125.3,126.25,121.05,123.25,124.65,123.98,981394,1.21669E+13,9698,340681,0.3471
10-12-2019,ADANIGREEN,EQ,124.65,124.35,129,123.65,126.8,126.9,127.12,1078100,1.37047E+13,10567,327903,0.3041
11-12-2019,ADANIGREEN,EQ,126.9,128,133.2,127.2,133.2,132.55,131.55,2319859,3.05178E+13,16359,885746,0.3818
12-12-2019,ADANIGREEN,EQ,132.55,134.2,135.5,129.15,131.2,131.9,132.12,1195491,1.57954E+13,12548,483610,0.4045
13-12-2019,ADANIGREEN,EQ,131.9,131.9,135.5,131.5,132.5,132.65,133.21,764794,1.01875E+13,8840,263403,0.3444
16-12-2019,ADANIGREEN,EQ,132.65,133.3,137.9,132.7,134,134.4,135.23,2156419,2.91615E+13,17899,419071,0.1943
17-12-2019,ADANIGREEN,EQ,134.4,135,137,134.55,135.2,135.55,135.75,957067,1.29921E+13,8717,285160,0.298
18-12-2019,ADANIGREEN,EQ,135.55,136.3,137.3,134,135,135.1,135.63,690735,9.3683E+12,6652,286813,0.4152
19-12-2019,ADANIGREEN,EQ,135.1,134.95,135.45,133.05,134.25,134.25,134.18,483204,6.48355E+12,4860,202881,0.4199
20-12-2019,ADANIGREEN,EQ,134.25,134.75,136.4,134.1,134.15,135.1,135.27,617642,8.35462E+12,5509,290535,0.4704
23-12-2019,ADANIGREEN,EQ,135.1,135.1,141.85,134.75,141.85,141.85,140.3,2374429,3.33136E+13,12526,912008,0.3841
24-12-2019,ADANIGREEN,EQ,141.85,146.45,148.9,145.1,148.9,148.9,147.75,1169913,1.7285E+13,7492,582821,0.4982
26-12-2019,ADANIGREEN,EQ,148.9,156.3,156.3,156.25,156.3,156.3,156.3,347718,5.43483E+12,1253,305884,0.8797
27-12-2019,ADANIGREEN,EQ,156.3,159.4,164.1,149.25,151,151,155.59,5370150,8.3556E+13,43818,1866461,0.3476
30-12-2019,ADANIGREEN,EQ,151,153.7,158.55,152.45,158.55,158.55,155.99,1567589,2.44533E+13,12547,791096,0.5047
31-12-2019,ADANIGREEN,EQ,158.55,166.45,166.45,161.1,166.45,166.45,165.97,2050662,3.40356E+13,7063,690745,0.3368
01-01-2020,ADANIGREEN,EQ,166.45,169.35,174.75,168.1,174.75,174.75,173.41,5417952,9.39512E+13,35158,1451570,0.2679
02-01-2020,ADANIGREEN,EQ,174.75,179.15,183.45,177.55,183.45,183.45,181.19,3087009,5.59324E+13,23173,1096256,0.3551
03-01-2020,ADANIGREEN,EQ,183.45,187.8,192.6,183,192.6,192.6,190.64,3670040,6.99643E+13,23947,924520,0.2519
06-01-2020,ADANIGREEN,EQ,192.6,200,202.2,185.55,202.2,200.6,197.8,9497209,1.87852E+14,73862,1902495,0.2003
07-01-2020,ADANIGREEN,EQ,200.6,208,210.6,203,210.6,210.6,209.46,2126797,4.4548E+13,15650,853105,0.4011
08-01-2020,ADANIGREEN,EQ,210.6,215.8,221.1,214.45,221.1,221.1,219.86,1181338,2.59732E+13,7085,573389,0.4854
09-01-2020,ADANIGREEN,EQ,221.1,232.15,232.15,232.15,232.15,232.15,232.15,273048,6.33881E+12,1276,273048,1
10-01-2020,ADANIGREEN,EQ,232.15,243.75,243.75,220.55,220.55,220.55,234.78,3337546,7.83577E+13,24049,1746735,0.5234
13-01-2020,ADANIGREEN,EQ,220.55,209.55,209.55,209.55,209.55,209.55,209.55,118786,2.48916E+12,1642,118786,1
14-01-2020,ADANIGREEN,EQ,209.55,199.1,199.1,199.1,199.1,199.1,199.1,80682,1.60638E+12,1425,80681,1
15-01-2020,ADANIGREEN,EQ,199.1,189.15,189.15,189.15,189.15,189.15,189.15,52323,9.8969E+11,1191,52323,1
16-01-2020,ADANIGREEN,EQ,189.15,179.7,179.7,179.7,179.7,179.7,179.7,60474,1.08672E+12,2210,60464,0.9998
17-01-2020,ADANIGREEN,EQ,179.7,175.1,188.65,172.3,188.65,188.65,182.15,6703516,1.22107E+14,40912,2325592,0.3469
20-01-2020,ADANIGREEN,EQ,188.65,198.05,198.05,185,198.05,198.05,194.95,2840614,5.53784E+13,28053,1215463,0.4279
21-01-2020,ADANIGREEN,EQ,198.05,199,207,192,200.2,202.25,202.04,3506909,7.08535E+13,39015,1169586,0.3335
22-01-2020,ADANIGREEN,EQ,202.25,204,208.95,194.55,197.6,197.65,201.43,1754417,3.53389E+13,21152,665134,0.3791
23-01-2020,ADANIGREEN,EQ,197.65,199.2,199.9,190,191.55,192.2,193.32,1336193,2.58308E+13,17717,547532,0.4098
24-01-2020,ADANIGREEN,EQ,192.2,187.5,194.9,182.6,189.25,190.25,187.05,2518115,4.7102E+13,28679,797019,0.3165
27-01-2020,ADANIGREEN,EQ,190.25,189,194.1,186.5,190.7,190.75,191.97,881601,1.69242E+13,9913,379144,0.4301
28-01-2020,ADANIGREEN,EQ,190.75,191.5,196.5,186.1,189.95,187.65,190.82,957274,1.82668E+13,11900,391718,0.4092
29-01-2020,ADANIGREEN,EQ,187.65,188,191,185.05,186.05,186.3,186.72,631830,1.17978E+13,10351,306694,0.4854
30-01-2020,ADANIGREEN,EQ,186.3,186.9,187.9,177.65,180.6,180.45,180.7,1024133,1.8506E+13,13500,538599,0.5259
31-01-2020,ADANIGREEN,EQ,180.45,182.5,189.45,176.85,189.45,189.45,185.93,862006,1.60273E+13,10219,413449,0.4796
01-02-2020,ADANIGREEN,EQ,189.45,192.8,197.9,183.15,185.75,186.85,192.39,1631445,3.13877E+13,26276,662416,0.406
03-02-2020,ADANIGREEN,EQ,186.85,186.85,196.15,186,196.15,196.15,192.36,1171000,2.25251E+13,15053,613992,0.5243
04-02-2020,ADANIGREEN,EQ,196.15,201.9,205.95,190.1,198.2,198,199.47,3984199,7.94737E+13,57318,1277550,0.3207
05-02-2020,ADANIGREEN,EQ,198,196,203.8,190.8,192.4,193.25,195.82,1320812,2.58648E+13,19187,486174,0.3681
06-02-2020,ADANIGREEN,EQ,193.25,193,202.9,190.5,202.9,202.9,199.76,2711020,5.41543E+13,19713,1006549,0.3713
07-02-2020,ADANIGREEN,EQ,202.9,208.95,213,206.25,213,213,212.15,2674856,5.67467E+13,13050,903427,0.3377
10-02-2020,ADANIGREEN,EQ,213,219.9,221.65,207,212.5,213.35,214.46,2063806,4.42613E+13,26793,890875,0.4317
11-02-2020,ADANIGREEN,EQ,213.35,215.9,217,208.15,211,211.25,212.86,1102243,2.34625E+13,15173,419112,0.3802
12-02-2020,ADANIGREEN,EQ,211.25,212.1,213.45,204.85,208,207.65,208.21,879583,1.83135E+13,12339,386541,0.4395
13-02-2020,ADANIGREEN,EQ,207.65,208,208.95,198,200,199.95,201.73,929657,1.8754E+13,14455,407478,0.4383
14-02-2020,ADANIGREEN,EQ,199.95,201,209.9,201,206.85,206.8,206.7,1474525,3.04783E+13,18610,492985,0.3343
17-02-2020,ADANIGREEN,EQ,206.8,208.4,208.4,198,198.1,198.35,200.53,773097,1.55031E+13,10575,404150,0.5228
18-02-2020,ADANIGREEN,EQ,198.35,200.8,200.8,188.45,189.15,189.25,191.06,839722,1.60435E+13,15907,420992,0.5013
19-02-2020,ADANIGREEN,EQ,189.25,191.9,198.7,191.75,197.4,197.85,197.68,2501070,4.94404E+13,24827,597617,0.2389
20-02-2020,ADANIGREEN,EQ,197.85,197.85,198.15,193,195.1,194.85,194.74,911195,1.77447E+13,15542,389541,0.4275
24-02-2020,ADANIGREEN,EQ,194.85,191.45,191.45,185.2,185.35,185.9,188.06,959369,1.8042E+13,29523,623362,0.6498
25-02-2020,ADANIGREEN,EQ,185.9,184.75,188.8,178.15,179.85,180.55,182.12,861686,1.56931E+13,26004,418483,0.4857
26-02-2020,ADANIGREEN,EQ,180.55,175.55,177.85,171.55,171.55,171.55,173.74,996786,1.73183E+13,23285,485573,0.4871
27-02-2020,ADANIGREEN,EQ,171.55,165.3,167.95,163,163,163,163.75,727993,1.19211E+13,6066,422823,0.5808
28-02-2020,ADANIGREEN,EQ,163,154.85,160,154.85,154.85,154.95,155.85,1655841,2.58064E+13,14645,1021228,0.6167
02-03-2020,ADANIGREEN,EQ,154.95,156.6,162.65,150,159,156.05,160.53,1127956,1.81073E+13,12138,472592,0.419
03-03-2020,ADANIGREEN,EQ,156.05,162.9,163,157,159.2,159.5,159.07,534459,8.50157E+12,7648,265523,0.4968
04-03-2020,ADANIGREEN,EQ,159.5,159.25,159.5,151.55,151.55,152,153.41,480121,7.36571E+12,5785,294959,0.6143
05-03-2020,ADANIGREEN,EQ,152,151.55,158.75,145.45,152,152.5,151.26,1252377,1.8943E+13,21779,547353,0.4371
06-03-2020,ADANIGREEN,EQ,152.5,144.9,147.2,144.9,144.9,144.9,145.17,425088,6.17081E+12,4263,239593,0.5636
09-03-2020,ADANIGREEN,EQ,144.9,137.7,137.8,137.7,137.7,137.7,137.7,112896,1.5546E+12,1379,88945,0.7878
11-03-2020,ADANIGREEN,EQ,137.7,131.1,136.4,130.85,130.85,130.85,132.18,1132428,1.49683E+13,9572,489238,0.432
12-03-2020,ADANIGREEN,EQ,130.85,124.35,124.35,124.35,124.35,124.35,124.35,26822,3.33532E+11,836,26822,1
13-03-2020,ADANIGREEN,EQ,124.35,118.15,130.55,118.15,130.55,123.4,121.33,2367027,2.87193E+13,10297,929261,0.3926
16-03-2020,ADANIGREEN,EQ,123.4,120,128,117.25,118.6,117.7,120.06,1305459,1.56728E+13,12835,651847,0.4993
17-03-2020,ADANIGREEN,EQ,117.7,115,123.55,111.9,123.55,123.4,121.17,1650022,1.99925E+13,10823,919445,0.5572
18-03-2020,ADANIGREEN,EQ,123.4,125.1,129.55,124,129.55,129.4,127.08,1137426,1.44546E+13,9369,767606,0.6749
19-03-2020,ADANIGREEN,EQ,129.4,125,135.85,122.95,135.85,135.65,131.55,920137,1.2104E+13,10818,520577,0.5658
20-03-2020,ADANIGREEN,EQ,135.65,142.4,142.4,138.4,142.4,142.35,141.31,417369,5.89801E+12,5490,223203,0.5348
23-03-2020,ADANIGREEN,EQ,142.35,135.25,138.95,135.25,135.25,135.25,135.5,255497,3.46199E+12,1963,216045,0.8456
24-03-2020,ADANIGREEN,EQ,135.25,128.5,141.8,128.5,140.5,141.3,134.16,981069,1.31623E+13,7685,701676,0.7152
25-03-2020,ADANIGREEN,EQ,141.3,140,148.35,136.95,148.25,148.1,144.79,436890,6.3256E+12,5976,248528,0.5689
26-03-2020,ADANIGREEN,EQ,148.1,154,155.4,144.25,151,152.1,151.24,637211,9.63713E+12,8202,391495,0.6144
27-03-2020,ADANIGREEN,EQ,152.1,154.5,157,144.5,148.5,148.75,150.63,567761,8.55222E+12,7334,306881,0.5405
30-03-2020,ADANIGREEN,EQ,148.75,142.1,148.3,141.35,148,146.95,143.96,490699,7.06393E+12,5012,279112,0.5688
31-03-2020,ADANIGREEN,EQ,146.95,147.3,154.25,146.95,154,153.25,152.12,452205,6.87873E+12,7084,309545,0.6845
01-04-2020,ADANIGREEN,EQ,153.25,155.5,159,151,152.8,152.9,153.75,226224,3.47826E+12,3792,110115,0.4868
03-04-2020,ADANIGREEN,EQ,152.9,152.9,154.85,150.45,151.5,151.9,151.71,259616,3.93857E+12,3215,168880,0.6505
07-04-2020,ADANIGREEN,EQ,151.9,153.5,159.45,151.55,158.6,158.95,157.22,425190,6.68476E+12,5289,246352,0.5794
08-04-2020,ADANIGREEN,EQ,158.95,166.85,166.85,162,166.85,166.45,165.59,702014,1.16249E+13,10187,316459,0.4508
09-04-2020,ADANIGREEN,EQ,166.45,172.4,174.75,166.25,174.75,174.75,171.66,542554,9.31356E+12,8167,280295,0.5166
13-04-2020,ADANIGREEN,EQ,174.75,180,183.45,167.05,183.3,183.35,178.74,769348,1.37511E+13,9174,371276,0.4826
15-04-2020,ADANIGREEN,EQ,183.35,188,190.95,184,187.8,187.8,188.26,747409,1.40705E+13,9060,419822,0.5617
16-04-2020,ADANIGREEN,EQ,187.8,182.3,195,182.3,193.85,193.85,192.02,431500,8.28582E+12,6620,190118,0.4406
17-04-2020,ADANIGREEN,EQ,193.85,199,201,197,198.3,198.95,198.93,432615,8.60618E+12,9375,263540,0.6092
20-04-2020,ADANIGREEN,EQ,198.95,200.05,204.9,197,202,200.75,199.76,493261,9.85328E+12,11123,262547,0.5323
21-04-2020,ADANIGREEN,EQ,200.75,191,195.9,190.75,191.5,191.3,191.5,661617,1.26701E+13,8511,452284,0.6836
22-04-2020,ADANIGREEN,EQ,191.3,191.2,198,184.75,197.8,197.2,191.89,568003,1.08992E+13,6819,369474,0.6505
23-04-2020,ADANIGREEN,EQ,197.2,202.8,202.8,196,201,200,199.6,529475,1.05684E+13,5260,404263,0.7635
24-04-2020,ADANIGREEN,EQ,200,199.1,199.1,194.9,196,195.95,195.94,232558,4.5568E+12,3716,155299,0.6678
27-04-2020,ADANIGREEN,EQ,195.95,193,201,192,200.65,200.65,198.69,391809,7.78495E+12,5320,269147,0.6869
28-04-2020,ADANIGREEN,EQ,200.65,201,204.65,198.1,202.9,203.65,202.37,339070,6.86178E+12,4506,232662,0.6862
29-04-2020,ADANIGREEN,EQ,203.65,205,209.4,202.35,208.35,207.95,205.68,442718,9.106E+12,4486,292875,0.6615
30-04-2020,ADANIGREEN,EQ,207.95,211.1,212.85,208,211,210.45,210.42,488630,1.02819E+13,4561,365469,0.7479
04-05-2020,ADANIGREEN,EQ,210.45,199.95,218,199.95,208.7,209.55,209.66,1698451,3.56092E+13,25272,601592,0.3542
05-05-2020,ADANIGREEN,EQ,209.55,215,216,209.05,210.2,210.8,212.43,594712,1.26335E+13,11281,310387,0.5219
06-05-2020,ADANIGREEN,EQ,210.8,211,214.2,205.3,211,211.85,210.81,604880,1.27513E+13,8814,398628,0.659
07-05-2020,ADANIGREEN,EQ,211.85,207.45,213,206.5,210.5,210.55,210.4,188208,3.9599E+12,4417,129190,0.6864
08-05-2020,ADANIGREEN,EQ,210.55,211,213.5,208,212.5,212.25,211.64,289416,6.12511E+12,5494,176892,0.6112
11-05-2020,ADANIGREEN,EQ,212.25,214.85,222.85,211,222.85,222.6,219.64,1063341,2.33553E+13,12041,691025,0.6499
12-05-2020,ADANIGREEN,EQ,222.6,222,229.9,219.1,224.85,226.05,226.08,667224,1.50849E+13,19946,276141,0.4139
13-05-2020,ADANIGREEN,EQ,226.05,233,235.95,228,229.55,231,231.4,563566,1.30411E+13,8039,232655,0.4128
14-05-2020,ADANIGREEN,EQ,231,229.4,232.8,220.55,226.85,228.55,228.39,416147,9.50437E+12,10030,195546,0.4699
15-05-2020,ADANIGREEN,EQ,228.55,228.6,231.5,225.7,230,230.25,228.22,325461,7.42753E+12,5274,195698,0.6013
18-05-2020,ADANIGREEN,EQ,230.25,229,235,218.75,229.75,229.25,227.1,651936,1.48056E+13,12089,365291,0.5603
19-05-2020,ADANIGREEN,EQ,229.25,230,235.05,230,232.25,233.65,232.91,477713,1.11262E+13,9465,242129,0.5069
20-05-2020,ADANIGREEN,EQ,233.65,231,235.5,227,235,234.7,231.82,354733,8.2235E+12,10036,216093,0.6092
21-05-2020,ADANIGREEN,EQ,234.7,233.95,244.35,233,236.4,235.1,237.6,365834,8.69231E+12,9347,234324,0.6405
22-05-2020,ADANIGREEN,EQ,235.1,237,242,232,239.1,239.65,238.04,495551,1.1796E+13,8183,322011,0.6498
26-05-2020,ADANIGREEN,EQ,239.65,240,243.95,236.5,238.6,239.9,239.77,281221,6.74282E+12,9290,152986,0.544
27-05-2020,ADANIGREEN,EQ,239.9,240,243.2,237.05,242.75,242.6,241.03,316188,7.62093E+12,7363,208762,0.6602
28-05-2020,ADANIGREEN,EQ,242.6,242.6,251.7,240.3,246,246,247.61,444387,1.10036E+13,8425,259261,0.5834
29-05-2020,ADANIGREEN,EQ,246,246,249.8,246,247,248.6,248.35,294574,7.31584E+12,8778,190623,0.6471
01-06-2020,ADANIGREEN,EQ,248.6,253.9,261,251.5,261,260.75,259.41,864596,2.24286E+13,14757,398285,0.4607
02-06-2020,ADANIGREEN,EQ,260.75,269,273.75,264.05,273.75,273.75,270.96,371599,1.00689E+13,6009,226821,0.6104
03-06-2020,ADANIGREEN,EQ,273.75,287.4,287.4,261.2,277.95,273.85,281.59,1411752,3.97528E+13,22115,679893,0.4816
04-06-2020,ADANIGREEN,EQ,273.85,274.9,282.6,263.5,273.85,274,271.26,1332983,3.61579E+13,39599,779206,0.5846
05-06-2020,ADANIGREEN,EQ,274,274,286,271.15,283.15,284.25,279.63,1044811,2.92164E+13,14601,731887,0.7005
08-06-2020,ADANIGREEN,EQ,284.25,288.35,298.45,283.2,298.4,297.75,290.93,1368198,3.98055E+13,18066,806183,0.5892
09-06-2020,ADANIGREEN,EQ,297.75,312.6,312.6,308.9,312.6,312.6,312.13,1422436,4.43991E+13,6905,837795,0.589
10-06-2020,ADANIGREEN,EQ,312.6,328.2,328.2,328.2,328.2,328.2,328.2,403398,1.32395E+13,1210,398793,0.9886
11-06-2020,ADANIGREEN,EQ,328.2,344.6,344.6,315.3,332.9,332.05,336.68,5505021,1.85344E+14,86371,3164084,0.5748
12-06-2020,ADANIGREEN,EQ,332.05,315.45,339.95,315.45,335,336.4,331.27,2889448,9.57187E+13,47326,1413697,0.4893
15-06-2020,ADANIGREEN,EQ,336.4,344.85,351,338,351,346.15,342.29,2701757,9.24775E+13,38973,1602172,0.593
16-06-2020,ADANIGREEN,EQ,346.15,360.2,363.45,350,363.45,363.45,360.73,3265090,1.1778E+14,34648,1083112,0.3317
17-06-2020,ADANIGREEN,EQ,363.45,371.5,381.6,370,381.6,381.6,379.78,940601,3.57219E+13,7906,478228,0.5084
18-06-2020,ADANIGREEN,EQ,381.6,400.65,400.65,391.1,400.65,400.65,399.49,2333788,9.32328E+13,20621,1238844,0.5308
19-06-2020,ADANIGREEN,EQ,400.65,419.95,420.65,413.65,420.65,420.65,420,2882495,1.21066E+14,32853,1729575,0.6
22-06-2020,ADANIGREEN,EQ,420.65,441.65,441.65,439,441.65,441.65,441.34,1646544,7.26683E+13,17958,913452,0.5548
23-06-2020,ADANIGREEN,EQ,441.65,463.7,463.7,455.25,463.7,463.6,463.48,4101848,1.90111E+14,43991,1018558,0.8247
24-06-2020,ADANIGREEN,EQ,463.6,486.75,486.75,440.45,440.45,440.45,453.4,4430431,2.00877E+14,97782,2255132,0.509
25-06-2020,ADANIGREEN,EQ,440.45,418.45,418.45,418.45,418.45,418.45,418.45,158392,6.62791E+12,6112,157525,0.9945
26-06-2020,ADANIGREEN,EQ,418.45,397.55,397.55,397.55,397.55,397.55,397.55,147247,5.8538E+12,7303,147141,0.9993
29-06-2020,ADANIGREEN,EQ,397.55,377.7,377.7,377.7,377.7,377.7,377.7,94453,3.56749E+12,6041,94450,1
30-06-2020,ADANIGREEN,EQ,377.7,358.85,358.85,358.85,358.85,358.85,358.85,126379,4.53511E+12,3967,126342,0.9997
01-07-2020,ADANIGREEN,EQ,358.85,340.95,340.95,340.95,340.95,340.95,340.95,80914,2.75876E+12,3780,80914,1
02-07-2020,ADANIGREEN,EQ,340.95,323.95,357.95,323.95,357.95,357.95,340.25,3295011,1.12113E+14,41108,1267177,0.3846
03-07-2020,ADANIGREEN,EQ,357.95,375.8,375.8,375.8,375.8,375.8,375.8,127962,4.80881E+12,2123,127962,1
06-07-2020,ADANIGREEN,EQ,375.8,394.55,394.55,362.25,394.55,394.55,384.85,5078968,1.95463E+14,70512,1824498,0.3592
07-07-2020,ADANIGREEN,EQ,394.55,400.4,414.25,376,414.25,413.75,406.32,5554195,2.25679E+14,107394,1478938,0.2663
08-07-2020,ADANIGREEN,EQ,413.75,410,424.85,393.1,393.1,393.1,409.49,2943194,1.20521E+14,67649,1453948,0.494
09-07-2020,ADANIGREEN,EQ,393.1,385,393,373.45,373.45,373.6,377.34,2630050,9.9243E+13,57117,1099030,0.4179
10-07-2020,ADANIGREEN,EQ,373.6,365,384.45,356.65,373.45,371.05,368.32,1883787,6.93841E+13,42553,566756,0.3009
13-07-2020,ADANIGREEN,EQ,371.05,381,382.65,361.6,364,364.75,370.63,855922,3.17229E+13,21423,424422,0.4959
14-07-2020,ADANIGREEN,EQ,364.75,364,364.75,346.75,347.2,348.1,352.06,892125,3.14082E+13,25394,431382,0.4835
15-07-2020,ADANIGREEN,EQ,348.1,348,365.5,346.15,356.15,354.55,361.4,1980494,7.15757E+13,30463,493942,0.2494
16-07-2020,ADANIGREEN,EQ,354.55,353,359.95,338.05,348,348.3,348.72,969385,3.38043E+13,20501,340704,0.3515
17-07-2020,ADANIGREEN,EQ,348.3,352.3,354.75,344.3,349,347.3,348.96,586031,2.04504E+13,14687,251802,0.4297
20-07-2020,ADANIGREEN,EQ,347.3,349,362.9,348,350.45,349.95,353.36,899002,3.17668E+13,18251,356314,0.3963
21-07-2020,ADANIGREEN,EQ,349.95,352.1,354.5,345,347.5,347.35,348.33,463874,1.61579E+13,13447,248583,0.5359
22-07-2020,ADANIGREEN,EQ,347.35,345,346.95,332.55,337.4,336,338.47,536991,1.81757E+13,15484,264864,0.4932
23-07-2020,ADANIGREEN,EQ,336,337.4,340,320,320.3,320.3,325.58,832614,2.71079E+13,23701,445723,0.5353
24-07-2020,ADANIGREEN,EQ,320.3,315,336.3,305.6,336.3,336.3,327.59,1468516,4.8107E+13,23115,483780,0.3294
27-07-2020,ADANIGREEN,EQ,336.3,345.95,353.1,325.25,343.2,342.2,344.55,1835725,6.32492E+13,38586,549190,0.2992
28-07-2020,ADANIGREEN,EQ,342.2,344.6,344.6,336,338,338.05,339.52,475248,1.61358E+13,12869,216709,0.456
29-07-2020,ADANIGREEN,EQ,338.05,338,345.75,333.5,336.6,338.4,340.32,567331,1.93077E+13,12817,192920,0.34
30-07-2020,ADANIGREEN,EQ,338.4,338.35,350.95,338.35,341.3,341.45,344.38,530970,1.82857E+13,12202,223587,0.4211
31-07-2020,ADANIGREEN,EQ,341.45,340.05,348.9,338,341.7,340.65,343.44,452663,1.55461E+13,9848,225869,0.499
03-08-2020,ADANIGREEN,EQ,340.65,342,347,335.6,339.15,339.8,342.29,425009,1.45474E+13,15087,182666,0.4298
04-08-2020,ADANIGREEN,EQ,339.8,339.15,347.7,339.15,342.95,343.2,343.17,440285,1.51091E+13,12157,203711,0.4627
05-08-2020,ADANIGREEN,EQ,343.2,344.9,348.8,341.9,344.55,342.95,344.64,296449,1.02168E+13,7469,153797,0.5188
06-08-2020,ADANIGREEN,EQ,342.95,342.95,347.95,340.1,342,341.6,343.92,295911,1.01768E+13,7012,150802,0.5096
07-08-2020,ADANIGREEN,EQ,341.6,343,375.75,342,375.75,370.45,365.14,2282613,8.33476E+13,37573,842926,0.3693
10-08-2020,ADANIGREEN,EQ,370.45,384,388.5,370.75,372,373.5,379.52,1015069,3.85236E+13,21681,521742,0.514
11-08-2020,ADANIGREEN,EQ,373.5,373,376.6,360,360.8,360.65,364.82,586768,2.14063E+13,24079,333769,0.5688
12-08-2020,ADANIGREEN,EQ,360.65,353.15,369.8,351.65,361.6,362.5,361.78,470018,1.70042E+13,13468,168394,0.3583
13-08-2020,ADANIGREEN,EQ,362.5,363.75,369.25,361,361.3,362.15,364.64,295625,1.07796E+13,7044,143660,0.486
14-08-2020,ADANIGREEN,EQ,362.15,362.3,367.8,351,360,357.6,359.05,472397,1.69616E+13,11059,181645,0.3845
17-08-2020,ADANIGREEN,EQ,357.6,358.75,370,358,367.25,367.25,364.98,682891,2.49239E+13,19701,399705,0.5853
18-08-2020,ADANIGREEN,EQ,367.25,367.25,375,365.85,374,373.55,371.33,715258,2.65594E+13,15771,382001,0.5341
19-08-2020,ADANIGREEN,EQ,373.55,376.75,384.3,368.65,370,371,376,822006,3.09076E+13,14317,437052,0.5317
20-08-2020,ADANIGREEN,EQ,371,370.5,380,365,375,375.4,374.63,1229670,4.6067E+13,20053,611766,0.4975
21-08-2020,ADANIGREEN,EQ,375.4,378.45,384.4,375.4,376.5,376.55,379.3,770438,2.92225E+13,17311,488336,0.6338
24-08-2020,ADANIGREEN,EQ,376.55,379.75,414.2,378.25,414.2,414.2,405.03,2209231,8.94797E+13,46299,1285784,0.582
25-08-2020,ADANIGREEN,EQ,414.2,424.4,435,400.05,419.5,424.7,423.33,2573736,1.08955E+14,53007,956996,0.3718
26-08-2020,ADANIGREEN,EQ,424.7,420.55,439.3,420.1,427.4,427.65,429.54,1145302,4.9195E+13,23404,503570,0.4397
27-08-2020,ADANIGREEN,EQ,427.65,431.5,442.75,424.55,432.5,432.75,432.83,1226228,5.3075E+13,19686,473164,0.3859
28-08-2020,ADANIGREEN,EQ,432.75,436.1,472.5,436,461,462.3,457.77,2703686,1.23765E+14,67229,1214124,0.4491
31-08-2020,ADANIGREEN,EQ,462.3,463.6,497.3,425,450,452.75,460.12,3649311,1.67913E+14,96962,1071487,0.2936
01-09-2020,ADANIGREEN,EQ,452.75,454.1,498,454.1,498,494.65,480.28,2408649,1.15682E+14,64404,1220451,0.5067
02-09-2020,ADANIGREEN,EQ,494.65,508.95,544.1,503.6,544.1,544.1,533.73,3657589,1.95216E+14,67793,920864,0.2518
03-09-2020,ADANIGREEN,EQ,544.1,562.95,571.3,558.05,571.3,571.3,569.49,509894,2.90378E+13,7092,397480,0.7795
04-09-2020,ADANIGREEN,EQ,571.3,542.75,542.75,542.75,542.75,542.75,542.75,993071,5.38989E+13,11313,720748,0.7258
07-09-2020,ADANIGREEN,EQ,542.75,530.05,569.85,515.65,555,553.1,541.4,2507534,1.35757E+14,55095,967855,0.386
08-09-2020,ADANIGREEN,EQ,553.1,560,577.8,543.1,564.5,564.4,565.33,1247361,7.05173E+13,31734,676808,0.5426
09-09-2020,ADANIGREEN,EQ,564.4,542.5,592.6,536.2,592.6,590.05,571.36,1658865,9.47814E+13,43187,702346,0.4234
10-09-2020,ADANIGREEN,EQ,590.05,600,619.5,569.95,580,579.75,593.38,1717300,1.019E+14,39823,960879,0.5595
11-09-2020,ADANIGREEN,EQ,579.75,588,608.7,577,608.6,608.65,602.02,2739567,1.64926E+14,53249,1382829,0.5048
14-09-2020,ADANIGREEN,EQ,608.65,625,639.05,618,639.05,638.9,638.1,3811613,2.4322E+14,35102,2210443,0.5799
15-09-2020,ADANIGREEN,EQ,638.9,654,670.8,645.9,670.8,670.8,668.66,2815809,1.88282E+14,45391,1432451,0.5087
16-09-2020,ADANIGREEN,EQ,670.8,692.9,697.9,643,675,675.55,674.44,3935810,2.65448E+14,124246,1616412,0.4107
17-09-2020,ADANIGREEN,EQ,675.55,670,674,653.4,665.55,666.75,663.58,706811,4.69026E+13,31318,351026,0.4966
18-09-2020,ADANIGREEN,EQ,666.75,687.95,687.95,642.25,671.95,665.6,666.04,20107415,1.33924E+15,54079,17083793,0.8496
21-09-2020,ADANIGREEN,EQ,665.6,680.05,686.9,646,649,651.75,668.01,1096354,7.3237E+13,42792,563550,0.514
22-09-2020,ADANIGREEN,EQ,651.75,636,647,619.2,619.2,619.2,622.99,957151,5.96291E+13,26072,497699,0.52
23-09-2020,ADANIGREEN,EQ,619.2,630,630,588.25,588.25,588.25,596.03,410113,2.44439E+13,12593,269523,0.6572
24-09-2020,ADANIGREEN,EQ,588.25,558.85,617.65,558.85,617.65,616.95,584.47,2703483,1.58011E+14,43776,1793992,0.6636
25-09-2020,ADANIGREEN,EQ,616.95,647.75,647.75,620.9,647.75,647.75,646.72,253932,1.64222E+13,4503,229835,0.9051
28-09-2020,ADANIGREEN,EQ,647.75,680.1,680.1,680.1,680.1,680.1,680.1,221961,1.50956E+13,2767,221961,1
29-09-2020,ADANIGREEN,EQ,680.1,714.1,714.1,714.1,714.1,714.1,714.1,204483,1.46021E+13,3085,204476,1
30-09-2020,ADANIGREEN,EQ,714.1,749.8,749.8,700,738.45,737.6,738.8,2411057,1.7813E+14,63351,1122985,0.4658
01-10-2020,ADANIGREEN,EQ,737.6,754,756.9,715,747,747.1,740.9,890015,6.59409E+13,35827,352986,0.3966
05-10-2020,ADANIGREEN,EQ,747.1,769.6,770,741.1,748,749.45,753.21,581245,4.37799E+13,26573,257508,0.443
06-10-2020,ADANIGREEN,EQ,749.45,749.5,752,725,732.9,735.9,735.11,558621,4.10646E+13,23113,262302,0.4696
07-10-2020,ADANIGREEN,EQ,735.9,720,730,699.15,699.15,699.3,705.96,1041858,7.35509E+13,32400,495099,0.4752
08-10-2020,ADANIGREEN,EQ,699.3,698.5,725,666.6,695.8,696.15,703.8,733819,5.1646E+13,31023,240201,0.3273
09-10-2020,ADANIGREEN,EQ,696.15,695.8,713,680.1,682.35,683.95,693.2,511600,3.54642E+13,22856,216496,0.4232
12-10-2020,ADANIGREEN,EQ,683.95,683.95,702,660,671,671.55,674.98,625309,4.22074E+13,24155,300112,0.4799
13-10-2020,ADANIGREEN,EQ,671.55,671,705.1,661.1,705.1,705.1,697.55,1069869,7.46288E+13,26177,315087,0.2945
14-10-2020,ADANIGREEN,EQ,705.1,719,735,705.1,730.7,725.45,724.03,1229478,8.90178E+13,35937,302923,0.2464
15-10-2020,ADANIGREEN,EQ,725.45,730.7,735.8,698.05,703.7,704.25,718.47,736697,5.29292E+13,30283,237994,0.3231
16-10-2020,ADANIGREEN,EQ,704.25,710,718.95,700,705,705.35,707.08,277648,1.96319E+13,14263,104361,0.3759
19-10-2020,ADANIGREEN,EQ,705.35,711.2,717.95,695,701.5,702.8,707.34,312983,2.21385E+13,13937,127224,0.4065
20-10-2020,ADANIGREEN,EQ,702.8,694.95,707.6,685,689.9,688.7,695.03,261009,1.81408E+13,12491,119446,0.4576
21-10-2020,ADANIGREEN,EQ,688.7,690,713.9,678,694.85,692.35,697.38,335318,2.33845E+13,14955,110541,0.3297
22-10-2020,ADANIGREEN,EQ,692.35,685.5,726.95,685,726.95,726.95,714.61,864975,6.18123E+13,31163,445110,0.5146
23-10-2020,ADANIGREEN,EQ,726.95,734.8,734.8,712.2,718,720.3,721.99,665517,4.80498E+13,23808,296882,0.4461
26-10-2020,ADANIGREEN,EQ,720.3,720,722.8,701.1,705.5,704.7,708.58,271180,1.92153E+13,13245,147768,0.5449
27-10-2020,ADANIGREEN,EQ,704.7,720.05,739.9,717.05,739.9,739.9,736.46,930072,6.84957E+13,22550,543295,0.5841
28-10-2020,ADANIGREEN,EQ,739.9,776.85,776.85,776.8,776.85,776.85,776.85,1869868,1.4526E+14,7140,1300511,0.6955
29-10-2020,ADANIGREEN,EQ,776.85,755,815.65,755,815.65,815.65,800,962443,7.69957E+13,14771,592668,0.6158
30-10-2020,ADANIGREEN,EQ,815.65,834,856.4,831.25,856.4,856.4,855.17,2053376,1.75599E+14,21990,1103553,0.5374
02-11-2020,ADANIGREEN,EQ,856.4,860,899.2,835.15,859,859.2,877.93,2583066,2.26774E+14,96607,923509,0.3575
03-11-2020,ADANIGREEN,EQ,859.2,881,893.95,816.25,834.4,830.4,844.88,1612967,1.36277E+14,61771,639956,0.3968
04-11-2020,ADANIGREEN,EQ,830.4,834.4,862.7,823,840.4,840.9,840.52,1373310,1.15429E+14,59497,826436,0.6018
05-11-2020,ADANIGREEN,EQ,840.9,812.5,868,812,854,854.6,849.13,1581863,1.34321E+14,37159,882301,0.5578
06-11-2020,ADANIGREEN,EQ,854.6,855,875,855,857,860,861.1,911015,7.84471E+13,36410,567330,0.6227
09-11-2020,ADANIGREEN,EQ,860,879,903,866.1,903,899.35,883.8,1670461,1.47635E+14,30987,1081682,0.6475
10-11-2020,ADANIGREEN,EQ,899.35,914.95,919,854.4,854.4,854.85,883.49,1327147,1.17252E+14,52123,670215,0.505
11-11-2020,ADANIGREEN,EQ,854.85,868,897.55,865.1,897.55,897.55,895.92,2287847,2.04973E+14,18985,1295352,0.5662
12-11-2020,ADANIGREEN,EQ,897.55,914,942.4,903.1,941,942.35,940.9,3622736,3.40862E+14,37065,1851919,0.5112
13-11-2020,ADANIGREEN,EQ,942.35,949,989.45,943,989,989.35,985.69,4566982,4.50165E+14,51633,2387293,0.5227
14-11-2020,ADANIGREEN,EQ,989.35,1018,1023.6,990.05,1006,1008.6,1009.53,578986,5.84504E+13,22865,234771,0.4055
17-11-2020,ADANIGREEN,EQ,1008.6,1028.95,1059,1021.05,1059,1058.45,1054.04,5333462,5.62166E+14,61286,3043858,0.5707
18-11-2020,ADANIGREEN,EQ,1058.45,1068.7,1098,1032.05,1076,1080.95,1078.02,3999840,4.31189E+14,75842,2009271,0.5023
19-11-2020,ADANIGREEN,EQ,1080.95,1080.95,1089.9,1050,1083,1083.5,1065.01,3533747,3.76348E+14,62769,1990736,0.5633
20-11-2020,ADANIGREEN,EQ,1083.5,1051,1137.65,1050,1137.5,1134.55,1108.53,5044065,5.59148E+14,83358,3076428,0.6099
23-11-2020,ADANIGREEN,EQ,1134.55,1155,1191.25,1150.1,1175,1180.3,1165.87,3863685,4.50456E+14,78025,2307426,0.5972
24-11-2020,ADANIGREEN,EQ,1180.3,1203.4,1220,1180,1200,1205.15,1199.79,4004468,4.80451E+14,70599,2643211,0.6601
25-11-2020,ADANIGREEN,EQ,1205.15,1205.15,1205.15,1144.9,1144.9,1144.9,1152.1,301443,3.47292E+13,12766,285077,0.9457
26-11-2020,ADANIGREEN,EQ,1144.9,1087.7,1143.85,1087.7,1100.05,1104.45,1099.99,3205678,3.5262E+14,99342,1763486,0.5501
27-11-2020,ADANIGREEN,EQ,1104.45,1105,1159.65,1072.8,1078,1136.4,1140.64,45148093,5.14975E+15,164105,39208478,0.8684
01-12-2020,ADANIGREEN,EQ,1136.4,1133.9,1156,1082.35,1133,1134.7,1131.12,2599117,2.93991E+14,63366,1764356,0.6788
02-12-2020,ADANIGREEN,EQ,1134.7,1140,1155,1112,1145,1146,1132.28,875255,9.91033E+13,37719,370507,0.4233
03-12-2020,ADANIGREEN,EQ,1146,1154,1159.9,1140.1,1145,1145,1146.87,592144,6.7911E+13,25342,378089,0.6385
04-12-2020,ADANIGREEN,EQ,1145,1150,1159,1125,1129.5,1129.75,1132.88,741720,8.40278E+13,34134,547566,0.7382
07-12-2020,ADANIGREEN,EQ,1129.75,1135,1140,1073.3,1101,1106.25,1100.9,1351024,1.48735E+14,61378,762214,0.5642
08-12-2020,ADANIGREEN,EQ,1106.25,1109,1123.1,1088,1097,1098.65,1101.6,998344,1.09977E+14,59846,584381,0.5854
09-12-2020,ADANIGREEN,EQ,1098.65,1100,1110,1050,1079,1070.1,1080.64,1080870,1.16803E+14,44005,623923,0.5772
10-12-2020,ADANIGREEN,EQ,1070.1,1064.7,1067,1030,1034.9,1036.7,1037.9,568627,5.90176E+13,44972,353670,0.622
11-12-2020,ADANIGREEN,EQ,1036.7,990.05,1057,985,1038.15,1041.5,1014.96,1793445,1.82028E+14,88624,642419,0.3582
14-12-2020,ADANIGREEN,EQ,1041.5,1019,1028.1,995.1,1009,1010.8,1011.41,921358,9.31873E+13,39961,558310,0.606
15-12-2020,ADANIGREEN,EQ,1010.8,1009,1020,1000.25,1013,1013.65,1010.01,754880,7.62439E+13,31901,489937,0.649
16-12-2020,ADANIGREEN,EQ,1013.65,1019.75,1029.9,1011.1,1011.5,1019.4,1020.37,451443,4.60638E+13,31475,287863,0.6377
17-12-2020,ADANIGREEN,EQ,1019.4,1023.9,1059.4,1013.75,1043.1,1041.55,1039.27,686579,7.13542E+13,40907,314118,0.4575
18-12-2020,ADANIGREEN,EQ,1041.55,1058.4,1058.4,1001,1005,1016.15,1022.22,1037435,1.06049E+14,37318,622123,0.5997
21-12-2020,ADANIGREEN,EQ,1016.15,1004.8,1040,971,1004.2,1020.3,1008.24,999121,1.00735E+14,39038,541530,0.542
22-12-2020,ADANIGREEN,EQ,1020.3,992,1040,976,1022.2,1029.9,1011.73,637121,6.44592E+13,30928,276814,0.4345
23-12-2020,ADANIGREEN,EQ,1029.9,1035,1050,1012.1,1048,1044.95,1038.49,684864,7.11226E+13,27342,371994,0.5432
24-12-2020,ADANIGREEN,EQ,1044.95,1058,1059,1021,1032,1036.2,1035.88,406594,4.21183E+13,19350,199905,0.4917
28-12-2020,ADANIGREEN,EQ,1036.2,1036.2,1044.85,1025.65,1035,1038,1032.77,425292,4.39228E+13,18184,212680,0.5001
29-12-2020,ADANIGREEN,EQ,1038,1040,1047.25,1026,1041,1038.7,1034.04,349607,3.61509E+13,17347,174191,0.4982
30-12-2020,ADANIGREEN,EQ,1038.7,1039.9,1060,1028,1054,1052.95,1044.76,374589,3.91356E+13,20605,187953,0.5018
31-12-2020,ADANIGREEN,EQ,1052.95,1070,1090,1041,1049,1052.6,1066.81,980110,1.04559E+14,46631,521472,0.5321
01-01-2021,ADANIGREEN,EQ,1052.6,1079.9,1079.9,1053.05,1064.45,1065.95,1065.26,297560,3.16978E+13,11137,141749,0.4764
04-01-2021,ADANIGREEN,EQ,1065.95,1088.4,1090,1071.2,1080.1,1082.25,1079.06,360776,3.89299E+13,24807,202194,0.5604
05-01-2021,ADANIGREEN,EQ,1082.25,1070.2,1106.9,1065,1092.1,1096.45,1086.98,526896,5.72723E+13,23766,274771,0.5215
06-01-2021,ADANIGREEN,EQ,1096.45,1100,1111,1080,1107.7,1107.25,1102.57,427847,4.71733E+13,22661,220893,0.5163
07-01-2021,ADANIGREEN,EQ,1107.25,1113.7,1114,1051.9,1051.9,1063.1,1091.78,1285732,1.40374E+14,35651,912309,0.7096
08-01-2021,ADANIGREEN,EQ,1063.1,1071,1076,1009.95,1014.95,1014.9,1022.2,1646213,1.68276E+14,48326,931642,0.5659
11-01-2021,ADANIGREEN,EQ,1014.9,1020.95,1025.95,964.2,969.2,968.3,976.94,1303510,1.27345E+14,56355,809590,0.6211
12-01-2021,ADANIGREEN,EQ,968.3,980,990.2,921,925,924.15,946.08,1578700,1.49358E+14,75564,836643,0.53
13-01-2021,ADANIGREEN,EQ,924.15,930,935.4,900.1,919.05,922.15,916.55,985028,9.02827E+13,42391,387125,0.393
